embedder,labelling,k,granted_fraction,n_labels_granted,mechanism,bucket,metric,mean,lo,hi,draws
bge-m3,compartment,5,0.1,4,_policy,all,answerable_rate,0.0786,0.013800000000000002,0.17484999999999995,40
bge-m3,compartment,5,0.1,4,_policy,all,authorized_passages,0.08887373193974793,0.013808407623731941,0.21041730710113735,40
bge-m3,compartment,5,0.1,4,_q,answerable,n,1.0,1.0,1.0,40
bge-m3,compartment,5,0.1,4,_q,unanswerable,n,1.0,1.0,1.0,40
bge-m3,compartment,5,0.1,4,none,all,authorized,0.03375,0.005900000000000001,0.08649999999999997,40
bge-m3,compartment,5,0.1,4,none,all,context_size,5.0,5.0,5.0,40
bge-m3,compartment,5,0.1,4,none,all,leaked,4.5557,4.1244000000000005,4.9144499999999995,40
bge-m3,compartment,5,0.1,4,none,all,recall,0.6467333333333334,0.6467333333333334,0.6467333333333334,40
bge-m3,compartment,5,0.1,4,none,answerable,any_hit,0.7673097868599127,0.5687707641196013,1.0,40
bge-m3,compartment,5,0.1,4,none,answerable,authorized,0.3782708362263064,0.08863636363636365,0.5920408163265306,40
bge-m3,compartment,5,0.1,4,none,answerable,context_size,5.0,5.0,5.0,40
bge-m3,compartment,5,0.1,4,none,answerable,leaked,1.720472768439672,1.1246527777777777,2.8837121212121204,40
bge-m3,compartment,5,0.1,4,none,answerable,recall,0.7229073079211229,0.5357558139534884,0.9303571428571428,40
bge-m3,compartment,5,0.1,4,none,unanswerable,any_hit,0.705289500664871,0.6939963045084996,0.7183255647270466,40
bge-m3,compartment,5,0.1,4,none,unanswerable,authorized,0.003214080720789168,0.0,0.009162159295789571,40
bge-m3,compartment,5,0.1,4,none,unanswerable,context_size,5.0,5.0,5.0,40
bge-m3,compartment,5,0.1,4,none,unanswerable,leaked,4.800782415709944,4.598928476338997,4.961344949837821,40
bge-m3,compartment,5,0.1,4,none,unanswerable,recall,0.6424331261430521,0.6313488876175947,0.65617326919091,40
bge-m3,compartment,5,0.1,4,part,all,authorized,1.0,1.0,1.0,40
bge-m3,compartment,5,0.1,4,part,all,context_size,5.0,5.0,5.0,40
bge-m3,compartment,5,0.1,4,part,all,leaked,0.0,0.0,0.0,40
bge-m3,compartment,5,0.1,4,part,all,recall,0.06109083333333334,0.008908333333333332,0.12512499999999996,40
bge-m3,compartment,5,0.1,4,part,answerable,any_hit,0.8279520822746644,0.6662790697674418,1.0,40
bge-m3,compartment,5,0.1,4,part,answerable,authorized,1.0,1.0,1.0,40
bge-m3,compartment,5,0.1,4,part,answerable,context_size,5.0,5.0,5.0,40
bge-m3,compartment,5,0.1,4,part,answerable,leaked,0.0,0.0,0.0,40
bge-m3,compartment,5,0.1,4,part,answerable,recall,0.7768145569803995,0.6272286821705426,0.9713235294117647,40
bge-m3,compartment,5,0.1,4,part,unanswerable,any_hit,0.005161091297433919,0.0,0.011980277185501062,40
bge-m3,compartment,5,0.1,4,part,unanswerable,authorized,1.0,1.0,1.0,40
bge-m3,compartment,5,0.1,4,part,unanswerable,context_size,5.0,5.0,5.0,40
bge-m3,compartment,5,0.1,4,part,unanswerable,leaked,0.0,0.0,0.0,40
bge-m3,compartment,5,0.1,4,part,unanswerable,recall,0.002029771765766724,0.0,0.005572139303482586,40
bge-m3,compartment,5,0.1,4,post,all,authorized,1.0,1.0,1.0,40
bge-m3,compartment,5,0.1,4,post,all,context_size,0.4443,0.08555,0.8755999999999998,40
bge-m3,compartment,5,0.1,4,post,all,leaked,0.0,0.0,0.0,40
bge-m3,compartment,5,0.1,4,post,all,recall,0.05616583333333334,0.0079,0.11507499999999996,40
bge-m3,compartment,5,0.1,4,post,answerable,any_hit,0.7673097868599127,0.5687707641196013,1.0,40
bge-m3,compartment,5,0.1,4,post,answerable,authorized,1.0,1.0,1.0,40
bge-m3,compartment,5,0.1,4,post,answerable,context_size,3.2795272315603285,2.1162878787878787,3.875347222222222,40
bge-m3,compartment,5,0.1,4,post,answerable,leaked,0.0,0.0,0.0,40
bge-m3,compartment,5,0.1,4,post,answerable,recall,0.7229073079211229,0.5357558139534884,0.9303571428571428,40
bge-m3,compartment,5,0.1,4,post,unanswerable,any_hit,0.00402253174205401,0.0,0.009575737487570433,40
bge-m3,compartment,5,0.1,4,post,unanswerable,authorized,1.0,1.0,1.0,40
bge-m3,compartment,5,0.1,4,post,unanswerable,context_size,0.19921758429005718,0.03865505016217847,0.4010715236610029,40
bge-m3,compartment,5,0.1,4,post,unanswerable,leaked,0.0,0.0,0.0,40
bge-m3,compartment,5,0.1,4,post,unanswerable,recall,0.0015310526807056249,0.0,0.0043912965418185824,40
bge-m3,compartment,5,0.1,4,pre,all,authorized,1.0,1.0,1.0,40
bge-m3,compartment,5,0.1,4,pre,all,context_size,5.0,5.0,5.0,40
bge-m3,compartment,5,0.1,4,pre,all,leaked,0.0,0.0,0.0,40
bge-m3,compartment,5,0.1,4,pre,all,recall,0.06109083333333334,0.008908333333333332,0.12512499999999996,40
bge-m3,compartment,5,0.1,4,pre,answerable,any_hit,0.8279520822746644,0.6662790697674418,1.0,40
bge-m3,compartment,5,0.1,4,pre,answerable,authorized,1.0,1.0,1.0,40
bge-m3,compartment,5,0.1,4,pre,answerable,context_size,5.0,5.0,5.0,40
bge-m3,compartment,5,0.1,4,pre,answerable,leaked,0.0,0.0,0.0,40
bge-m3,compartment,5,0.1,4,pre,answerable,recall,0.7768145569803995,0.6272286821705426,0.9713235294117647,40
bge-m3,compartment,5,0.1,4,pre,unanswerable,any_hit,0.005161091297433919,0.0,0.011980277185501062,40
bge-m3,compartment,5,0.1,4,pre,unanswerable,authorized,1.0,1.0,1.0,40
bge-m3,compartment,5,0.1,4,pre,unanswerable,context_size,5.0,5.0,5.0,40
bge-m3,compartment,5,0.1,4,pre,unanswerable,leaked,0.0,0.0,0.0,40
bge-m3,compartment,5,0.1,4,pre,unanswerable,recall,0.002029771765766724,0.0,0.005572139303482586,40
bge-m3,compartment,5,0.25,10,_policy,all,answerable_rate,0.21885000000000004,0.1032,0.37444999999999995,40
bge-m3,compartment,5,0.25,10,_policy,all,authorized_passages,0.23293690439594217,0.11446357208730402,0.44249538887181056,40
bge-m3,compartment,5,0.25,10,_q,answerable,n,1.0,1.0,1.0,40
bge-m3,compartment,5,0.25,10,_q,unanswerable,n,1.0,1.0,1.0,40
bge-m3,compartment,5,0.25,10,none,all,authorized,0.10529999999999999,0.029849999999999998,0.2022,40
bge-m3,compartment,5,0.25,10,none,all,context_size,5.0,5.0,5.0,40
bge-m3,compartment,5,0.25,10,none,all,leaked,3.8205499999999994,3.1307,4.3054,40
bge-m3,compartment,5,0.25,10,none,all,recall,0.6467333333333334,0.6467333333333334,0.6467333333333334,40
bge-m3,compartment,5,0.25,10,none,answerable,any_hit,0.7193254702633509,0.6157642393655371,0.8136787280701754,40
bge-m3,compartment,5,0.25,10,none,answerable,authorized,0.4271235402296174,0.25295232936078005,0.5640197568389057,40
bge-m3,compartment,5,0.25,10,none,answerable,context_size,5.0,5.0,5.0,40
bge-m3,compartment,5,0.25,10,none,answerable,leaked,1.4349029296565745,1.0516765873015874,1.9904342723004693,40
bge-m3,compartment,5,0.25,10,none,answerable,recall,0.6706741655909805,0.5610237923576064,0.752710389254386,40
bge-m3,compartment,5,0.25,10,none,unanswerable,any_hit,0.7067558257943106,0.6870792079207921,0.7360802469135802,40
bge-m3,compartment,5,0.25,10,none,unanswerable,authorized,0.011186288808983608,0.002331002331002331,0.019849059157980225,40
bge-m3,compartment,5,0.25,10,none,unanswerable,context_size,5.0,5.0,5.0,40
bge-m3,compartment,5,0.25,10,none,unanswerable,leaked,4.491352193927969,4.2453341142347165,4.685700521423713,40
bge-m3,compartment,5,0.25,10,none,unanswerable,recall,0.6413348625111629,0.6179787685774948,0.6726882716049383,40
bge-m3,compartment,5,0.25,10,part,all,authorized,1.0,1.0,1.0,40
bge-m3,compartment,5,0.25,10,part,all,context_size,5.0,5.0,5.0,40
bge-m3,compartment,5,0.25,10,part,all,leaked,0.0,0.0,0.0,40
bge-m3,compartment,5,0.25,10,part,all,recall,0.16038833333333335,0.07168333333333334,0.26764166666666667,40
bge-m3,compartment,5,0.25,10,part,answerable,any_hit,0.7712079406544776,0.7084688995215311,0.8572055137844611,40
bge-m3,compartment,5,0.25,10,part,answerable,authorized,1.0,1.0,1.0,40
bge-m3,compartment,5,0.25,10,part,answerable,context_size,5.0,5.0,5.0,40
bge-m3,compartment,5,0.25,10,part,answerable,leaked,0.0,0.0,0.0,40
bge-m3,compartment,5,0.25,10,part,answerable,recall,0.7172030790252698,0.6358931419457735,0.806030701754386,40
bge-m3,compartment,5,0.25,10,part,unanswerable,any_hit,0.014819958178178277,0.004653213166144201,0.025156244656475486,40
bge-m3,compartment,5,0.25,10,part,unanswerable,authorized,1.0,1.0,1.0,40
bge-m3,compartment,5,0.25,10,part,unanswerable,context_size,5.0,5.0,5.0,40
bge-m3,compartment,5,0.25,10,part,unanswerable,leaked,0.0,0.0,0.0,40
bge-m3,compartment,5,0.25,10,part,unanswerable,recall,0.006094790419925162,0.0014299995981030464,0.010092079614240274,40
bge-m3,compartment,5,0.25,10,post,all,authorized,1.0,1.0,1.0,40
bge-m3,compartment,5,0.25,10,post,all,context_size,1.1794499999999999,0.6946,1.8693,40
bge-m3,compartment,5,0.25,10,post,all,leaked,0.0,0.0,0.0,40
bge-m3,compartment,5,0.25,10,post,all,recall,0.14950083333333333,0.061766666666666664,0.2552291666666667,40
bge-m3,compartment,5,0.25,10,post,answerable,any_hit,0.7193254702633509,0.6157642393655371,0.8136787280701754,40
bge-m3,compartment,5,0.25,10,post,answerable,authorized,1.0,1.0,1.0,40
bge-m3,compartment,5,0.25,10,post,answerable,context_size,3.5650970703434255,3.0095657276995307,3.9483234126984126,40
bge-m3,compartment,5,0.25,10,post,answerable,leaked,0.0,0.0,0.0,40
bge-m3,compartment,5,0.25,10,post,answerable,recall,0.6706741655909805,0.5610237923576064,0.752710389254386,40
bge-m3,compartment,5,0.25,10,post,unanswerable,any_hit,0.012204335025820386,0.004599333855799373,0.020364119393655254,40
bge-m3,compartment,5,0.25,10,post,unanswerable,authorized,1.0,1.0,1.0,40
bge-m3,compartment,5,0.25,10,post,unanswerable,context_size,0.5086478060720319,0.31429947857628654,0.7546658857652833,40
bge-m3,compartment,5,0.25,10,post,unanswerable,leaked,0.0,0.0,0.0,40
bge-m3,compartment,5,0.25,10,post,unanswerable,recall,0.0048222810452083955,0.001154323406478579,0.008489455380373375,40
bge-m3,compartment,5,0.25,10,pre,all,authorized,1.0,1.0,1.0,40
bge-m3,compartment,5,0.25,10,pre,all,context_size,5.0,5.0,5.0,40
bge-m3,compartment,5,0.25,10,pre,all,leaked,0.0,0.0,0.0,40
bge-m3,compartment,5,0.25,10,pre,all,recall,0.16038833333333335,0.07168333333333334,0.26764166666666667,40
bge-m3,compartment,5,0.25,10,pre,answerable,any_hit,0.7712079406544776,0.7084688995215311,0.8572055137844611,40
bge-m3,compartment,5,0.25,10,pre,answerable,authorized,1.0,1.0,1.0,40
bge-m3,compartment,5,0.25,10,pre,answerable,context_size,5.0,5.0,5.0,40
bge-m3,compartment,5,0.25,10,pre,answerable,leaked,0.0,0.0,0.0,40
bge-m3,compartment,5,0.25,10,pre,answerable,recall,0.7172030790252698,0.6358931419457735,0.806030701754386,40
bge-m3,compartment,5,0.25,10,pre,unanswerable,any_hit,0.014819958178178277,0.004653213166144201,0.025156244656475486,40
bge-m3,compartment,5,0.25,10,pre,unanswerable,authorized,1.0,1.0,1.0,40
bge-m3,compartment,5,0.25,10,pre,unanswerable,context_size,5.0,5.0,5.0,40
bge-m3,compartment,5,0.25,10,pre,unanswerable,leaked,0.0,0.0,0.0,40
bge-m3,compartment,5,0.25,10,pre,unanswerable,recall,0.006094790419925162,0.0014299995981030464,0.010092079614240274,40
bge-m3,compartment,5,0.5,20,_policy,all,answerable_rate,0.45010000000000006,0.26180000000000003,0.64735,40
bge-m3,compartment,5,0.5,20,_policy,all,authorized_passages,0.490068782662158,0.28685828466031355,0.6675299723332309,40
bge-m3,compartment,5,0.5,20,_q,answerable,n,1.0,1.0,1.0,40
bge-m3,compartment,5,0.5,20,_q,unanswerable,n,1.0,1.0,1.0,40
bge-m3,compartment,5,0.5,20,none,all,authorized,0.27359999999999995,0.1404,0.44909999999999994,40
bge-m3,compartment,5,0.5,20,none,all,context_size,5.0,5.0,5.0,40
bge-m3,compartment,5,0.5,20,none,all,leaked,2.6195999999999997,1.7184,3.6480499999999996,40
bge-m3,compartment,5,0.5,20,none,all,recall,0.6467333333333334,0.6467333333333334,0.6467333333333334,40
bge-m3,compartment,5,0.5,20,none,answerable,any_hit,0.7170798620447002,0.6684910011248594,0.7803529411764706,40
bge-m3,compartment,5,0.5,20,none,answerable,authorized,0.5587768773437041,0.4556574675324675,0.6686587622903413,40
bge-m3,compartment,5,0.5,20,none,answerable,context_size,5.0,5.0,5.0,40
bge-m3,compartment,5,0.5,20,none,answerable,leaked,0.9554066643485847,0.63356081245111,1.2696022727272724,40
bge-m3,compartment,5,0.5,20,none,answerable,recall,0.669464100952108,0.6164761904761904,0.7373955548128343,40
bge-m3,compartment,5,0.5,20,none,unanswerable,any_hit,0.7059455098906705,0.6591717249989237,0.7522317073170732,40
bge-m3,compartment,5,0.5,20,none,unanswerable,authorized,0.03283996552972951,0.011106228195905564,0.06939631336405529,40
bge-m3,compartment,5,0.5,20,none,unanswerable,context_size,5.0,5.0,5.0,40
bge-m3,compartment,5,0.5,20,none,unanswerable,leaked,3.9718137025819744,3.4733143342226533,4.425591277249187,40
bge-m3,compartment,5,0.5,20,none,unanswerable,recall,0.6319605593749552,0.5771565894643189,0.6711696841087353,40
bge-m3,compartment,5,0.5,20,part,all,authorized,1.0,1.0,1.0,40
bge-m3,compartment,5,0.5,20,part,all,context_size,5.0,5.0,5.0,40
bge-m3,compartment,5,0.5,20,part,all,leaked,0.0,0.0,0.0,40
bge-m3,compartment,5,0.5,20,part,all,recall,0.3166408333333333,0.1899458333333333,0.44052916666666664,40
bge-m3,compartment,5,0.5,20,part,answerable,any_hit,0.7452582209169567,0.6971531210412578,0.8183155080213904,40
bge-m3,compartment,5,0.5,20,part,answerable,authorized,1.0,1.0,1.0,40
bge-m3,compartment,5,0.5,20,part,answerable,context_size,5.0,5.0,5.0,40
bge-m3,compartment,5,0.5,20,part,answerable,leaked,0.0,0.0,0.0,40
bge-m3,compartment,5,0.5,20,part,answerable,recall,0.6949366776719648,0.6468329799362922,0.771185661764706,40
bge-m3,compartment,5,0.5,20,part,unanswerable,any_hit,0.028567047185733486,0.010806739735981591,0.060174641148325346,40
bge-m3,compartment,5,0.5,20,part,unanswerable,authorized,1.0,1.0,1.0,40
bge-m3,compartment,5,0.5,20,part,unanswerable,context_size,5.0,5.0,5.0,40
bge-m3,compartment,5,0.5,20,part,unanswerable,leaked,0.0,0.0,0.0,40
bge-m3,compartment,5,0.5,20,part,unanswerable,recall,0.011540413381237687,0.0038369621987404626,0.023843328467547904,40
bge-m3,compartment,5,0.5,20,post,all,authorized,1.0,1.0,1.0,40
bge-m3,compartment,5,0.5,20,post,all,context_size,2.3804000000000003,1.3519500000000002,3.2815999999999996,40
bge-m3,compartment,5,0.5,20,post,all,leaked,0.0,0.0,0.0,40
bge-m3,compartment,5,0.5,20,post,all,recall,0.30464083333333336,0.18327916666666666,0.43067083333333334,40
bge-m3,compartment,5,0.5,20,post,answerable,any_hit,0.7170798620447002,0.6684910011248594,0.7803529411764706,40
bge-m3,compartment,5,0.5,20,post,answerable,authorized,1.0,1.0,1.0,40
bge-m3,compartment,5,0.5,20,post,answerable,context_size,4.044593335651415,3.7303977272727273,4.36643918754889,40
bge-m3,compartment,5,0.5,20,post,answerable,leaked,0.0,0.0,0.0,40
bge-m3,compartment,5,0.5,20,post,answerable,recall,0.669464100952108,0.6164761904761904,0.7373955548128343,40
bge-m3,compartment,5,0.5,20,post,unanswerable,any_hit,0.025217274467911183,0.008283501877195109,0.05663976968615683,40
bge-m3,compartment,5,0.5,20,post,unanswerable,authorized,1.0,1.0,1.0,40
bge-m3,compartment,5,0.5,20,post,unanswerable,context_size,1.0281862974180263,0.574408722750813,1.5266856657773464,40
bge-m3,compartment,5,0.5,20,post,unanswerable,leaked,0.0,0.0,0.0,40
bge-m3,compartment,5,0.5,20,post,unanswerable,recall,0.009823140986081096,0.0032986815479794924,0.02194736166301732,40
bge-m3,compartment,5,0.5,20,pre,all,authorized,1.0,1.0,1.0,40
bge-m3,compartment,5,0.5,20,pre,all,context_size,5.0,5.0,5.0,40
bge-m3,compartment,5,0.5,20,pre,all,leaked,0.0,0.0,0.0,40
bge-m3,compartment,5,0.5,20,pre,all,recall,0.3166408333333333,0.1899458333333333,0.44052916666666664,40
bge-m3,compartment,5,0.5,20,pre,answerable,any_hit,0.7452582209169567,0.6971531210412578,0.8183155080213904,40
bge-m3,compartment,5,0.5,20,pre,answerable,authorized,1.0,1.0,1.0,40
bge-m3,compartment,5,0.5,20,pre,answerable,context_size,5.0,5.0,5.0,40
bge-m3,compartment,5,0.5,20,pre,answerable,leaked,0.0,0.0,0.0,40
bge-m3,compartment,5,0.5,20,pre,answerable,recall,0.6949366776719648,0.6468329799362922,0.771185661764706,40
bge-m3,compartment,5,0.5,20,pre,unanswerable,any_hit,0.028567047185733486,0.010806739735981591,0.060174641148325346,40
bge-m3,compartment,5,0.5,20,pre,unanswerable,authorized,1.0,1.0,1.0,40
bge-m3,compartment,5,0.5,20,pre,unanswerable,context_size,5.0,5.0,5.0,40
bge-m3,compartment,5,0.5,20,pre,unanswerable,leaked,0.0,0.0,0.0,40
bge-m3,compartment,5,0.5,20,pre,unanswerable,recall,0.011540413381237687,0.0038369621987404626,0.023843328467547904,40
bge-m3,compartment,5,0.75,30,_policy,all,answerable_rate,0.7398,0.5813499999999999,0.89205,40
bge-m3,compartment,5,0.75,30,_policy,all,authorized_passages,0.7507051183522903,0.566909391331079,0.9069839379034736,40
bge-m3,compartment,5,0.75,30,_q,answerable,n,1.0,1.0,1.0,40
bge-m3,compartment,5,0.75,30,_q,unanswerable,n,1.0,1.0,1.0,40
bge-m3,compartment,5,0.75,30,none,all,authorized,0.5673999999999999,0.41525,0.7824,40
bge-m3,compartment,5,0.75,30,none,all,context_size,5.0,5.0,5.0,40
bge-m3,compartment,5,0.75,30,none,all,leaked,1.2393,0.5409,1.8363999999999998,40
bge-m3,compartment,5,0.75,30,none,all,recall,0.6467333333333334,0.6467333333333334,0.6467333333333334,40
bge-m3,compartment,5,0.75,30,none,answerable,any_hit,0.7059347473398905,0.6864035148149934,0.7420857148547189,40
bge-m3,compartment,5,0.75,30,none,answerable,authorized,0.7349370575290207,0.6272500547125767,0.8660445571372678,40
bge-m3,compartment,5,0.75,30,none,answerable,context_size,5.0,5.0,5.0,40
bge-m3,compartment,5,0.75,30,none,answerable,leaked,0.4646601975419449,0.18955066662653866,0.6658434665311229,40
bge-m3,compartment,5,0.75,30,none,answerable,recall,0.6521994595434885,0.6300872154898399,0.6950676576119066,40
bge-m3,compartment,5,0.75,30,none,unanswerable,any_hit,0.7242684819144245,0.6434261677701513,0.8100397918579736,40
bge-m3,compartment,5,0.75,30,none,unanswerable,authorized,0.08413156910633027,0.04325337331334333,0.17146381578947367,40
bge-m3,compartment,5,0.75,30,none,unanswerable,context_size,5.0,5.0,5.0,40
bge-m3,compartment,5,0.75,30,none,unanswerable,leaked,3.4293276240055492,2.9112098520389753,3.820776895206243,40
bge-m3,compartment,5,0.75,30,none,unanswerable,recall,0.6372371225873046,0.5554153565950921,0.7123948311639314,40
bge-m3,compartment,5,0.75,30,part,all,authorized,1.0,1.0,1.0,40
bge-m3,compartment,5,0.75,30,part,all,context_size,5.0,5.0,5.0,40
bge-m3,compartment,5,0.75,30,part,all,leaked,0.0,0.0,0.0,40
bge-m3,compartment,5,0.75,30,part,all,recall,0.4957116666666666,0.4060125,0.5856083333333333,40
bge-m3,compartment,5,0.75,30,part,answerable,any_hit,0.7172730507349607,0.6946027118546585,0.7511008105470696,40
bge-m3,compartment,5,0.75,30,part,answerable,authorized,1.0,1.0,1.0,40
bge-m3,compartment,5,0.75,30,part,answerable,context_size,5.0,5.0,5.0,40
bge-m3,compartment,5,0.75,30,part,answerable,leaked,0.0,0.0,0.0,40
bge-m3,compartment,5,0.75,30,part,answerable,recall,0.6636919263131202,0.6444456117628957,0.7040827533042572,40
bge-m3,compartment,5,0.75,30,part,unanswerable,any_hit,0.05585295819662154,0.017998602050326187,0.1187012670565302,40
bge-m3,compartment,5,0.75,30,part,unanswerable,authorized,1.0,1.0,1.0,40
bge-m3,compartment,5,0.75,30,part,unanswerable,context_size,5.0,5.0,5.0,40
bge-m3,compartment,5,0.75,30,part,unanswerable,leaked,0.0,0.0,0.0,40
bge-m3,compartment,5,0.75,30,part,unanswerable,recall,0.023289889308109022,0.005707361773538244,0.048894574398960354,40
bge-m3,compartment,5,0.75,30,post,all,authorized,1.0,1.0,1.0,40
bge-m3,compartment,5,0.75,30,post,all,context_size,3.7607,3.1636,4.4591,40
bge-m3,compartment,5,0.75,30,post,all,leaked,0.0,0.0,0.0,40
bge-m3,compartment,5,0.75,30,post,all,recall,0.48683250000000006,0.39889583333333334,0.5772416666666667,40
bge-m3,compartment,5,0.75,30,post,answerable,any_hit,0.7059347473398905,0.6864035148149934,0.7420857148547189,40
bge-m3,compartment,5,0.75,30,post,answerable,authorized,1.0,1.0,1.0,40
bge-m3,compartment,5,0.75,30,post,answerable,context_size,4.535339802458055,4.334156533468876,4.8104493333734615,40
bge-m3,compartment,5,0.75,30,post,answerable,leaked,0.0,0.0,0.0,40
bge-m3,compartment,5,0.75,30,post,answerable,recall,0.6521994595434885,0.6300872154898399,0.6950676576119066,40
bge-m3,compartment,5,0.75,30,post,unanswerable,any_hit,0.05216159353036157,0.017854923889406647,0.1187012670565302,40
bge-m3,compartment,5,0.75,30,post,unanswerable,authorized,1.0,1.0,1.0,40
bge-m3,compartment,5,0.75,30,post,unanswerable,context_size,1.570672375994451,1.179223104793757,2.0887901479610242,40
bge-m3,compartment,5,0.75,30,post,unanswerable,leaked,0.0,0.0,0.0,40
bge-m3,compartment,5,0.75,30,post,unanswerable,recall,0.021016587352049632,0.005224448586517552,0.048894574398960354,40
bge-m3,compartment,5,0.75,30,pre,all,authorized,1.0,1.0,1.0,40
bge-m3,compartment,5,0.75,30,pre,all,context_size,5.0,5.0,5.0,40
bge-m3,compartment,5,0.75,30,pre,all,leaked,0.0,0.0,0.0,40
bge-m3,compartment,5,0.75,30,pre,all,recall,0.4957116666666666,0.4060125,0.5856083333333333,40
bge-m3,compartment,5,0.75,30,pre,answerable,any_hit,0.7172730507349607,0.6946027118546585,0.7511008105470696,40
bge-m3,compartment,5,0.75,30,pre,answerable,authorized,1.0,1.0,1.0,40
bge-m3,compartment,5,0.75,30,pre,answerable,context_size,5.0,5.0,5.0,40
bge-m3,compartment,5,0.75,30,pre,answerable,leaked,0.0,0.0,0.0,40
bge-m3,compartment,5,0.75,30,pre,answerable,recall,0.6636919263131202,0.6444456117628957,0.7040827533042572,40
bge-m3,compartment,5,0.75,30,pre,unanswerable,any_hit,0.05585295819662154,0.017998602050326187,0.1187012670565302,40
bge-m3,compartment,5,0.75,30,pre,unanswerable,authorized,1.0,1.0,1.0,40
bge-m3,compartment,5,0.75,30,pre,unanswerable,context_size,5.0,5.0,5.0,40
bge-m3,compartment,5,0.75,30,pre,unanswerable,leaked,0.0,0.0,0.0,40
bge-m3,compartment,5,0.75,30,pre,unanswerable,recall,0.023289889308109022,0.005707361773538244,0.048894574398960354,40
bge-m3,compartment,5,0.9,36,_policy,all,answerable_rate,0.8848499999999999,0.7977500000000001,0.9724499999999999,40
bge-m3,compartment,5,0.9,36,_policy,all,authorized_passages,0.8972410083000307,0.753975176759914,0.9809675683984014,40
bge-m3,compartment,5,0.9,36,_q,answerable,n,1.0,1.0,1.0,40
bge-m3,compartment,5,0.9,36,_q,unanswerable,n,1.0,1.0,1.0,40
bge-m3,compartment,5,0.9,36,none,all,authorized,0.7904,0.66595,0.9402499999999999,40
bge-m3,compartment,5,0.9,36,none,all,context_size,5.0,5.0,5.0,40
bge-m3,compartment,5,0.9,36,none,all,leaked,0.5352500000000001,0.1575,0.91125,40
bge-m3,compartment,5,0.9,36,none,all,recall,0.6467333333333334,0.6467333333333334,0.6467333333333334,40
bge-m3,compartment,5,0.9,36,none,answerable,any_hit,0.7080514885147113,0.6956325925698401,0.726012099921936,40
bge-m3,compartment,5,0.9,36,none,answerable,authorized,0.8760293640114686,0.7903006604101495,0.971266419250363,40
bge-m3,compartment,5,0.9,36,none,answerable,context_size,5.0,5.0,5.0,40
bge-m3,compartment,5,0.9,36,none,answerable,leaked,0.19436695969154835,0.05757068116801114,0.3482351407716371,40
bge-m3,compartment,5,0.9,36,none,answerable,recall,0.6507757681092479,0.6307865576888214,0.6698719806763286,40
bge-m3,compartment,5,0.9,36,none,unanswerable,any_hit,0.7223117468099061,0.5985,0.9176630434782608,40
bge-m3,compartment,5,0.9,36,none,unanswerable,authorized,0.12048618884189995,0.0,0.2324999999999999,40
bge-m3,compartment,5,0.9,36,none,unanswerable,context_size,5.0,5.0,5.0,40
bge-m3,compartment,5,0.9,36,none,unanswerable,leaked,3.1105490915136627,1.9776020408163266,3.7262254901960783,40
bge-m3,compartment,5,0.9,36,none,unanswerable,recall,0.6271448516474251,0.480975,0.7884608477011493,40
bge-m3,compartment,5,0.9,36,part,all,authorized,1.0,1.0,1.0,40
bge-m3,compartment,5,0.9,36,part,all,context_size,5.0,5.0,5.0,40
bge-m3,compartment,5,0.9,36,part,all,leaked,0.0,0.0,0.0,40
bge-m3,compartment,5,0.9,36,part,all,recall,0.5817391666666667,0.5269958333333332,0.6313083333333334,40
bge-m3,compartment,5,0.9,36,part,answerable,any_hit,0.7118115144169033,0.697885726864579,0.7289336455893833,40
bge-m3,compartment,5,0.9,36,part,answerable,authorized,1.0,1.0,1.0,40
bge-m3,compartment,5,0.9,36,part,answerable,context_size,5.0,5.0,5.0,40
bge-m3,compartment,5,0.9,36,part,answerable,leaked,0.0,0.0,0.0,40
bge-m3,compartment,5,0.9,36,part,answerable,recall,0.6546760732131419,0.6383214555691237,0.6731723899467128,40
bge-m3,compartment,5,0.9,36,part,unanswerable,any_hit,0.0603030994889122,0.0,0.11556122448979592,40
bge-m3,compartment,5,0.9,36,part,unanswerable,authorized,1.0,1.0,1.0,40
bge-m3,compartment,5,0.9,36,part,unanswerable,context_size,5.0,5.0,5.0,40
bge-m3,compartment,5,0.9,36,part,unanswerable,leaked,0.0,0.0,0.0,40
bge-m3,compartment,5,0.9,36,part,unanswerable,recall,0.024317849162878494,0.0,0.05006481481481481,40
bge-m3,compartment,5,0.9,36,post,all,authorized,1.0,1.0,1.0,40
bge-m3,compartment,5,0.9,36,post,all,context_size,4.46475,4.08875,4.842499999999999,40
bge-m3,compartment,5,0.9,36,post,all,leaked,0.0,0.0,0.0,40
bge-m3,compartment,5,0.9,36,post,all,recall,0.5780141666666666,0.5212125,0.6304958333333333,40
bge-m3,compartment,5,0.9,36,post,answerable,any_hit,0.7080514885147113,0.6956325925698401,0.726012099921936,40
bge-m3,compartment,5,0.9,36,post,answerable,authorized,1.0,1.0,1.0,40
bge-m3,compartment,5,0.9,36,post,answerable,context_size,4.805633040308452,4.651764859228363,4.942429318831989,40
bge-m3,compartment,5,0.9,36,post,answerable,leaked,0.0,0.0,0.0,40
bge-m3,compartment,5,0.9,36,post,answerable,recall,0.6507757681092479,0.6307865576888214,0.6698719806763286,40
bge-m3,compartment,5,0.9,36,post,unanswerable,any_hit,0.055835409082242916,0.0,0.1111635220125786,40
bge-m3,compartment,5,0.9,36,post,unanswerable,authorized,1.0,1.0,1.0,40
bge-m3,compartment,5,0.9,36,post,unanswerable,context_size,1.8894509084863373,1.2737745098039215,3.022397959183673,40
bge-m3,compartment,5,0.9,36,post,unanswerable,leaked,0.0,0.0,0.0,40
bge-m3,compartment,5,0.9,36,post,unanswerable,recall,0.02098716114048107,0.0,0.04256712962962962,40
bge-m3,compartment,5,0.9,36,pre,all,authorized,1.0,1.0,1.0,40
bge-m3,compartment,5,0.9,36,pre,all,context_size,5.0,5.0,5.0,40
bge-m3,compartment,5,0.9,36,pre,all,leaked,0.0,0.0,0.0,40
bge-m3,compartment,5,0.9,36,pre,all,recall,0.5817391666666667,0.5269958333333332,0.6313083333333334,40
bge-m3,compartment,5,0.9,36,pre,answerable,any_hit,0.7118115144169033,0.697885726864579,0.7289336455893833,40
bge-m3,compartment,5,0.9,36,pre,answerable,authorized,1.0,1.0,1.0,40
bge-m3,compartment,5,0.9,36,pre,answerable,context_size,5.0,5.0,5.0,40
bge-m3,compartment,5,0.9,36,pre,answerable,leaked,0.0,0.0,0.0,40
bge-m3,compartment,5,0.9,36,pre,answerable,recall,0.6546760732131419,0.6383214555691237,0.6731723899467128,40
bge-m3,compartment,5,0.9,36,pre,unanswerable,any_hit,0.0603030994889122,0.0,0.11556122448979592,40
bge-m3,compartment,5,0.9,36,pre,unanswerable,authorized,1.0,1.0,1.0,40
bge-m3,compartment,5,0.9,36,pre,unanswerable,context_size,5.0,5.0,5.0,40
bge-m3,compartment,5,0.9,36,pre,unanswerable,leaked,0.0,0.0,0.0,40
bge-m3,compartment,5,0.9,36,pre,unanswerable,recall,0.024317849162878494,0.0,0.05006481481481481,40
bge-m3,addressee,5,0.1,1,_policy,all,answerable_rate,0.10194999999999999,0.004,0.604,40
bge-m3,addressee,5,0.1,1,_policy,all,authorized_passages,0.11110897632954195,0.006762988011066708,0.6558561328004918,40
bge-m3,addressee,5,0.1,1,_q,answerable,n,1.0,1.0,1.0,40
bge-m3,addressee,5,0.1,1,_q,unanswerable,n,1.0,1.0,1.0,40
bge-m3,addressee,5,0.1,1,none,all,authorized,0.051250000000000004,0.0,0.336,40
bge-m3,addressee,5,0.1,1,none,all,context_size,5.0,5.0,5.0,40
bge-m3,addressee,5,0.1,1,none,all,leaked,4.45105,1.942,4.986,40
bge-m3,addressee,5,0.1,1,none,all,recall,0.6467333333333334,0.6467333333333334,0.6467333333333334,40
bge-m3,addressee,5,0.1,1,none,answerable,any_hit,0.6763131745412523,0.5,0.8695652173913043,40
bge-m3,addressee,5,0.1,1,none,answerable,authorized,0.3577672125046811,0.0,0.5217391304347826,40
bge-m3,addressee,5,0.1,1,none,answerable,context_size,5.0,5.0,5.0,40
bge-m3,addressee,5,0.1,1,none,answerable,leaked,1.8427775265481068,0.9668874172185431,2.5,40
bge-m3,addressee,5,0.1,1,none,answerable,recall,0.6575562198104521,0.5,0.8478260869565217,40
bge-m3,addressee,5,0.1,1,none,unanswerable,any_hit,0.7080920137210175,0.70020964360587,0.7171717171717171,40
bge-m3,addressee,5,0.1,1,none,unanswerable,authorized,0.009333444954260537,0.0,0.06565656565656566,40
bge-m3,addressee,5,0.1,1,none,unanswerable,context_size,5.0,5.0,5.0,40
bge-m3,addressee,5,0.1,1,none,unanswerable,leaked,4.719522181078008,3.4292929292929295,4.995983935742972,40
bge-m3,addressee,5,0.1,1,none,unanswerable,recall,0.642485210031659,0.628956228956229,0.6485155195681511,40
bge-m3,addressee,5,0.1,1,part,all,authorized,1.0,1.0,1.0,40
bge-m3,addressee,5,0.1,1,part,all,context_size,5.0,5.0,5.0,40
bge-m3,addressee,5,0.1,1,part,all,leaked,0.0,0.0,0.0,40
bge-m3,addressee,5,0.1,1,part,all,recall,0.07669833333333334,0.002,0.42073333333333335,40
bge-m3,addressee,5,0.1,1,part,answerable,any_hit,0.7519018589103539,0.5,0.9130434782608695,40
bge-m3,addressee,5,0.1,1,part,answerable,authorized,1.0,1.0,1.0,40
bge-m3,addressee,5,0.1,1,part,answerable,context_size,5.0,5.0,5.0,40
bge-m3,addressee,5,0.1,1,part,answerable,leaked,0.0,0.0,0.0,40
bge-m3,addressee,5,0.1,1,part,answerable,recall,0.7205897165415848,0.5,0.8913043478260869,40
bge-m3,addressee,5,0.1,1,part,unanswerable,any_hit,0.010363626744204633,0.0,0.050505050505050504,40
bge-m3,addressee,5,0.1,1,part,unanswerable,authorized,1.0,1.0,1.0,40
bge-m3,addressee,5,0.1,1,part,unanswerable,context_size,5.0,5.0,5.0,40
bge-m3,addressee,5,0.1,1,part,unanswerable,leaked,0.0,0.0,0.0,40
bge-m3,addressee,5,0.1,1,part,unanswerable,recall,0.004104675084639927,0.0,0.018686868686868686,40
bge-m3,addressee,5,0.1,1,post,all,authorized,1.0,1.0,1.0,40
bge-m3,addressee,5,0.1,1,post,all,context_size,0.5489499999999999,0.014,3.058,40
bge-m3,addressee,5,0.1,1,post,all,leaked,0.0,0.0,0.0,40
bge-m3,addressee,5,0.1,1,post,all,recall,0.07103166666666667,0.002,0.40506666666666663,40
bge-m3,addressee,5,0.1,1,post,answerable,any_hit,0.6763131745412523,0.5,0.8695652173913043,40
bge-m3,addressee,5,0.1,1,post,answerable,authorized,1.0,1.0,1.0,40
bge-m3,addressee,5,0.1,1,post,answerable,context_size,3.157222473451893,2.5,4.033112582781457,40
bge-m3,addressee,5,0.1,1,post,answerable,leaked,0.0,0.0,0.0,40
bge-m3,addressee,5,0.1,1,post,answerable,recall,0.6575562198104521,0.5,0.8478260869565217,40
bge-m3,addressee,5,0.1,1,post,unanswerable,any_hit,0.008650760521576102,0.0,0.050505050505050504,40
bge-m3,addressee,5,0.1,1,post,unanswerable,authorized,1.0,1.0,1.0,40
bge-m3,addressee,5,0.1,1,post,unanswerable,context_size,0.28047781892199214,0.004016064257028112,1.5707070707070707,40
bge-m3,addressee,5,0.1,1,post,unanswerable,leaked,0.0,0.0,0.0,40
bge-m3,addressee,5,0.1,1,post,unanswerable,recall,0.0034277119209407706,0.0,0.018686868686868686,40
bge-m3,addressee,5,0.1,1,pre,all,authorized,1.0,1.0,1.0,40
bge-m3,addressee,5,0.1,1,pre,all,context_size,5.0,5.0,5.0,40
bge-m3,addressee,5,0.1,1,pre,all,leaked,0.0,0.0,0.0,40
bge-m3,addressee,5,0.1,1,pre,all,recall,0.07669833333333334,0.002,0.42073333333333335,40
bge-m3,addressee,5,0.1,1,pre,answerable,any_hit,0.7519018589103539,0.5,0.9130434782608695,40
bge-m3,addressee,5,0.1,1,pre,answerable,authorized,1.0,1.0,1.0,40
bge-m3,addressee,5,0.1,1,pre,answerable,context_size,5.0,5.0,5.0,40
bge-m3,addressee,5,0.1,1,pre,answerable,leaked,0.0,0.0,0.0,40
bge-m3,addressee,5,0.1,1,pre,answerable,recall,0.7205897165415848,0.5,0.8913043478260869,40
bge-m3,addressee,5,0.1,1,pre,unanswerable,any_hit,0.010363626744204633,0.0,0.050505050505050504,40
bge-m3,addressee,5,0.1,1,pre,unanswerable,authorized,1.0,1.0,1.0,40
bge-m3,addressee,5,0.1,1,pre,unanswerable,context_size,5.0,5.0,5.0,40
bge-m3,addressee,5,0.1,1,pre,unanswerable,leaked,0.0,0.0,0.0,40
bge-m3,addressee,5,0.1,1,pre,unanswerable,recall,0.004104675084639927,0.0,0.018686868686868686,40
bge-m3,addressee,5,0.25,2,_policy,all,answerable_rate,0.2932,0.041350000000000005,0.6583999999999998,40
bge-m3,addressee,5,0.25,2,_policy,all,authorized_passages,0.3121695358130956,0.050409237626806026,0.7163483707347063,40
bge-m3,addressee,5,0.25,2,_q,answerable,n,1.0,1.0,1.0,40
bge-m3,addressee,5,0.25,2,_q,unanswerable,n,1.0,1.0,1.0,40
bge-m3,addressee,5,0.25,2,none,all,authorized,0.1645,0.011850000000000001,0.42794999999999966,40
bge-m3,addressee,5,0.25,2,none,all,context_size,5.0,5.0,5.0,40
bge-m3,addressee,5,0.25,2,none,all,leaked,3.4644000000000004,1.613,4.7862,40
bge-m3,addressee,5,0.25,2,none,all,recall,0.6467333333333334,0.6467333333333334,0.6467333333333334,40
bge-m3,addressee,5,0.25,2,none,answerable,any_hit,0.7324696523623864,0.6821969696969697,0.84,40
bge-m3,addressee,5,0.25,2,none,answerable,authorized,0.4473639252843107,0.2727272727272727,0.610797493379089,40
bge-m3,addressee,5,0.25,2,none,answerable,context_size,5.0,5.0,5.0,40
bge-m3,addressee,5,0.25,2,none,answerable,leaked,1.382532462159131,0.7176183371255922,1.9660714285714278,40
bge-m3,addressee,5,0.25,2,none,answerable,recall,0.699194417000357,0.6400632530120482,0.82,40
bge-m3,addressee,5,0.25,2,none,unanswerable,any_hit,0.708982411389087,0.6973684210526315,0.7286726208808131,40
bge-m3,addressee,5,0.25,2,none,unanswerable,authorized,0.0333828862572427,0.0,0.10324532085561493,40
bge-m3,addressee,5,0.25,2,none,unanswerable,context_size,5.0,5.0,5.0,40
bge-m3,addressee,5,0.25,2,none,unanswerable,leaked,4.217923828742748,3.282402791625125,4.964851198117245,40
bge-m3,addressee,5,0.25,2,none,unanswerable,recall,0.6347525805564059,0.6052023121387282,0.6494353778096604,40
bge-m3,addressee,5,0.25,2,part,all,authorized,1.0,1.0,1.0,40
bge-m3,addressee,5,0.25,2,part,all,context_size,5.0,5.0,5.0,40
bge-m3,addressee,5,0.25,2,part,all,leaked,0.0,0.0,0.0,40
bge-m3,addressee,5,0.25,2,part,all,recall,0.21282166666666663,0.034699999999999995,0.46245833333333325,40
bge-m3,addressee,5,0.25,2,part,answerable,any_hit,0.7884688211028605,0.6969503012048193,0.8809523809523809,40
bge-m3,addressee,5,0.25,2,part,answerable,authorized,1.0,1.0,1.0,40
bge-m3,addressee,5,0.25,2,part,answerable,context_size,5.0,5.0,5.0,40
bge-m3,addressee,5,0.25,2,part,answerable,leaked,0.0,0.0,0.0,40
bge-m3,addressee,5,0.25,2,part,answerable,recall,0.752180370679515,0.6439751506024096,0.8690476190476191,40
bge-m3,addressee,5,0.25,2,part,unanswerable,any_hit,0.028604186055421456,0.0021034445870774495,0.05871132267936071,40
bge-m3,addressee,5,0.25,2,part,unanswerable,authorized,1.0,1.0,1.0,40
bge-m3,addressee,5,0.25,2,part,unanswerable,context_size,5.0,5.0,5.0,40
bge-m3,addressee,5,0.25,2,part,unanswerable,leaked,0.0,0.0,0.0,40
bge-m3,addressee,5,0.25,2,part,unanswerable,recall,0.011254652427510153,0.0007017543859649122,0.022376336898395698,40
bge-m3,addressee,5,0.25,2,post,all,authorized,1.0,1.0,1.0,40
bge-m3,addressee,5,0.25,2,post,all,context_size,1.5356,0.21380000000000002,3.386999999999999,40
bge-m3,addressee,5,0.25,2,post,all,leaked,0.0,0.0,0.0,40
bge-m3,addressee,5,0.25,2,post,all,recall,0.2016383333333333,0.030425,0.44713333333333316,40
bge-m3,addressee,5,0.25,2,post,answerable,any_hit,0.7324696523623864,0.6821969696969697,0.84,40
bge-m3,addressee,5,0.25,2,post,answerable,authorized,1.0,1.0,1.0,40
bge-m3,addressee,5,0.25,2,post,answerable,context_size,3.6174675378408687,3.0339285714285715,4.282381662874407,40
bge-m3,addressee,5,0.25,2,post,answerable,leaked,0.0,0.0,0.0,40
bge-m3,addressee,5,0.25,2,post,answerable,recall,0.699194417000357,0.6400632530120482,0.82,40
bge-m3,addressee,5,0.25,2,post,unanswerable,any_hit,0.025993897181856046,0.0020526315789473684,0.05871132267936071,40
bge-m3,addressee,5,0.25,2,post,unanswerable,authorized,1.0,1.0,1.0,40
bge-m3,addressee,5,0.25,2,post,unanswerable,context_size,0.7820761712572517,0.03514880188275567,1.7175972083748752,40
bge-m3,addressee,5,0.25,2,post,unanswerable,leaked,0.0,0.0,0.0,40
bge-m3,addressee,5,0.25,2,post,unanswerable,recall,0.010322224350428188,0.0006842105263157894,0.022376336898395698,40
bge-m3,addressee,5,0.25,2,pre,all,authorized,1.0,1.0,1.0,40
bge-m3,addressee,5,0.25,2,pre,all,context_size,5.0,5.0,5.0,40
bge-m3,addressee,5,0.25,2,pre,all,leaked,0.0,0.0,0.0,40
bge-m3,addressee,5,0.25,2,pre,all,recall,0.21282166666666663,0.034699999999999995,0.46245833333333325,40
bge-m3,addressee,5,0.25,2,pre,answerable,any_hit,0.7884688211028605,0.6969503012048193,0.8809523809523809,40
bge-m3,addressee,5,0.25,2,pre,answerable,authorized,1.0,1.0,1.0,40
bge-m3,addressee,5,0.25,2,pre,answerable,context_size,5.0,5.0,5.0,40
bge-m3,addressee,5,0.25,2,pre,answerable,leaked,0.0,0.0,0.0,40
bge-m3,addressee,5,0.25,2,pre,answerable,recall,0.752180370679515,0.6439751506024096,0.8690476190476191,40
bge-m3,addressee,5,0.25,2,pre,unanswerable,any_hit,0.028604186055421456,0.0021034445870774495,0.05871132267936071,40
bge-m3,addressee,5,0.25,2,pre,unanswerable,authorized,1.0,1.0,1.0,40
bge-m3,addressee,5,0.25,2,pre,unanswerable,context_size,5.0,5.0,5.0,40
bge-m3,addressee,5,0.25,2,pre,unanswerable,leaked,0.0,0.0,0.0,40
bge-m3,addressee,5,0.25,2,pre,unanswerable,recall,0.011254652427510153,0.0007017543859649122,0.022376336898395698,40
bge-m3,addressee,5,0.5,4,_policy,all,answerable_rate,0.5425000000000001,0.094,0.92605,40
bge-m3,addressee,5,0.5,4,_policy,all,authorized_passages,0.5594950814632647,0.12058100215185982,0.9223293882569935,40
bge-m3,addressee,5,0.5,4,_q,answerable,n,1.0,1.0,1.0,40
bge-m3,addressee,5,0.5,4,_q,unanswerable,n,1.0,1.0,1.0,40
bge-m3,addressee,5,0.5,4,none,all,authorized,0.39655000000000007,0.036,0.916,40
bge-m3,addressee,5,0.5,4,none,all,context_size,5.0,5.0,5.0,40
bge-m3,addressee,5,0.5,4,none,all,leaked,2.1848,0.254,4.438,40
bge-m3,addressee,5,0.5,4,none,all,recall,0.6467333333333334,0.6467333333333334,0.6467333333333334,40
bge-m3,addressee,5,0.5,4,none,answerable,any_hit,0.7130000165026619,0.6875,0.7846153846153846,40
bge-m3,addressee,5,0.5,4,none,answerable,authorized,0.5870063027071108,0.3515625,0.9719222462203023,40
bge-m3,addressee,5,0.5,4,none,answerable,context_size,5.0,5.0,5.0,40
bge-m3,addressee,5,0.5,4,none,answerable,leaked,0.9459669097959299,0.032397408207343416,1.7234042553191489,40
bge-m3,addressee,5,0.5,4,none,answerable,recall,0.6695945516643957,0.6390980392156863,0.75,40
bge-m3,addressee,5,0.5,4,none,unanswerable,any_hit,0.7248126402590108,0.6933333333333334,0.8,40
bge-m3,addressee,5,0.5,4,none,unanswerable,authorized,0.08629604933980765,0.002207505518763797,0.2383003766478342,40
bge-m3,addressee,5,0.5,4,none,unanswerable,context_size,5.0,5.0,5.0,40
bge-m3,addressee,5,0.5,4,none,unanswerable,leaked,3.6114146903206916,2.7724377394636015,4.7444444444444445,40
bge-m3,addressee,5,0.5,4,none,unanswerable,recall,0.6346464864323627,0.5921796296296296,0.69,40
bge-m3,addressee,5,0.5,4,part,all,authorized,1.0,1.0,1.0,40
bge-m3,addressee,5,0.5,4,part,all,context_size,5.0,5.0,5.0,40
bge-m3,addressee,5,0.5,4,part,all,leaked,0.0,0.0,0.0,40
bge-m3,addressee,5,0.5,4,part,all,recall,0.37181583333333335,0.07033333333333333,0.6003333333333334,40
bge-m3,addressee,5,0.5,4,part,answerable,any_hit,0.7416141207571879,0.6941176470588235,0.8307692307692308,40
bge-m3,addressee,5,0.5,4,part,answerable,authorized,1.0,1.0,1.0,40
bge-m3,addressee,5,0.5,4,part,answerable,context_size,5.0,5.0,5.0,40
bge-m3,addressee,5,0.5,4,part,answerable,leaked,0.0,0.0,0.0,40
bge-m3,addressee,5,0.5,4,part,answerable,recall,0.6980373193276852,0.6402745098039215,0.81,40
bge-m3,addressee,5,0.5,4,part,unanswerable,any_hit,0.061587009709337635,0.006666666666666667,0.13793103448275862,40
bge-m3,addressee,5,0.5,4,part,unanswerable,authorized,1.0,1.0,1.0,40
bge-m3,addressee,5,0.5,4,part,unanswerable,context_size,5.0,5.0,5.0,40
bge-m3,addressee,5,0.5,4,part,unanswerable,leaked,0.0,0.0,0.0,40
bge-m3,addressee,5,0.5,4,part,unanswerable,recall,0.02487102518344402,0.0022222222222222222,0.05603448275862069,40
bge-m3,addressee,5,0.5,4,post,all,authorized,1.0,1.0,1.0,40
bge-m3,addressee,5,0.5,4,post,all,context_size,2.8152,0.562,4.746,40
bge-m3,addressee,5,0.5,4,post,all,leaked,0.0,0.0,0.0,40
bge-m3,addressee,5,0.5,4,post,all,recall,0.362445,0.06633333333333333,0.5993333333333334,40
bge-m3,addressee,5,0.5,4,post,answerable,any_hit,0.7130000165026619,0.6875,0.7846153846153846,40
bge-m3,addressee,5,0.5,4,post,answerable,authorized,1.0,1.0,1.0,40
bge-m3,addressee,5,0.5,4,post,answerable,context_size,4.05403309020407,3.276595744680851,4.967602591792657,40
bge-m3,addressee,5,0.5,4,post,answerable,leaked,0.0,0.0,0.0,40
bge-m3,addressee,5,0.5,4,post,answerable,recall,0.6695945516643957,0.6390980392156863,0.75,40
bge-m3,addressee,5,0.5,4,post,unanswerable,any_hit,0.05908495780384537,0.006666666666666667,0.13793103448275862,40
bge-m3,addressee,5,0.5,4,post,unanswerable,authorized,1.0,1.0,1.0,40
bge-m3,addressee,5,0.5,4,post,unanswerable,context_size,1.3885853096793084,0.25555555555555554,2.227562260536398,40
bge-m3,addressee,5,0.5,4,post,unanswerable,leaked,0.0,0.0,0.0,40
bge-m3,addressee,5,0.5,4,post,unanswerable,recall,0.02397310679821697,0.0022222222222222222,0.05603448275862069,40
bge-m3,addressee,5,0.5,4,pre,all,authorized,1.0,1.0,1.0,40
bge-m3,addressee,5,0.5,4,pre,all,context_size,5.0,5.0,5.0,40
bge-m3,addressee,5,0.5,4,pre,all,leaked,0.0,0.0,0.0,40
bge-m3,addressee,5,0.5,4,pre,all,recall,0.37181583333333335,0.07033333333333333,0.6003333333333334,40
bge-m3,addressee,5,0.5,4,pre,answerable,any_hit,0.7416141207571879,0.6941176470588235,0.8307692307692308,40
bge-m3,addressee,5,0.5,4,pre,answerable,authorized,1.0,1.0,1.0,40
bge-m3,addressee,5,0.5,4,pre,answerable,context_size,5.0,5.0,5.0,40
bge-m3,addressee,5,0.5,4,pre,answerable,leaked,0.0,0.0,0.0,40
bge-m3,addressee,5,0.5,4,pre,answerable,recall,0.6980373193276852,0.6402745098039215,0.81,40
bge-m3,addressee,5,0.5,4,pre,unanswerable,any_hit,0.061587009709337635,0.006666666666666667,0.13793103448275862,40
bge-m3,addressee,5,0.5,4,pre,unanswerable,authorized,1.0,1.0,1.0,40
bge-m3,addressee,5,0.5,4,pre,unanswerable,context_size,5.0,5.0,5.0,40
bge-m3,addressee,5,0.5,4,pre,unanswerable,leaked,0.0,0.0,0.0,40
bge-m3,addressee,5,0.5,4,pre,unanswerable,recall,0.02487102518344402,0.0022222222222222222,0.05603448275862069,40
bge-m3,addressee,5,0.75,5,_policy,all,answerable_rate,0.6720499999999999,0.29215,0.9487999999999999,40
bge-m3,addressee,5,0.75,5,_policy,all,authorized_passages,0.6861896710728559,0.2836516292652936,0.9495907623731938,40
bge-m3,addressee,5,0.75,5,_q,answerable,n,1.0,1.0,1.0,40
bge-m3,addressee,5,0.75,5,_q,unanswerable,n,1.0,1.0,1.0,40
bge-m3,addressee,5,0.75,5,none,all,authorized,0.5404500000000001,0.12635000000000002,0.9293,40
bge-m3,addressee,5,0.75,5,none,all,context_size,5.0,5.0,5.0,40
bge-m3,addressee,5,0.75,5,none,all,leaked,1.5371,0.21380000000000002,3.386999999999999,40
bge-m3,addressee,5,0.75,5,none,all,recall,0.6467333333333334,0.6467333333333334,0.6467333333333334,40
bge-m3,addressee,5,0.75,5,none,answerable,any_hit,0.7118455747298259,0.6959192349364955,0.7281049935979513,40
bge-m3,addressee,5,0.75,5,none,answerable,authorized,0.6804482942731281,0.3783783783783784,0.9790442610165085,40
bge-m3,addressee,5,0.75,5,none,answerable,context_size,5.0,5.0,5.0,40
bge-m3,addressee,5,0.75,5,none,answerable,leaked,0.7037398234428508,0.02509586637202652,1.5575574250874373,40
bge-m3,addressee,5,0.75,5,none,answerable,recall,0.6632134826976097,0.640487548409062,0.6888552793269684,40
bge-m3,addressee,5,0.75,5,none,unanswerable,any_hit,0.7214672770461592,0.6702380952380953,0.823630831643002,40
bge-m3,addressee,5,0.75,5,none,unanswerable,authorized,0.13564359297406842,0.01972861908206736,0.3476562499999998,40
bge-m3,addressee,5,0.75,5,none,unanswerable,context_size,5.0,5.0,5.0,40
bge-m3,addressee,5,0.75,5,none,unanswerable,leaked,3.3028181014072864,2.4875,4.175723916887709,40
bge-m3,addressee,5,0.75,5,none,unanswerable,recall,0.6260481658993549,0.5608823529411764,0.7244379648411088,40
bge-m3,addressee,5,0.75,5,part,all,authorized,1.0,1.0,1.0,40
bge-m3,addressee,5,0.75,5,part,all,context_size,5.0,5.0,5.0,40
bge-m3,addressee,5,0.75,5,part,all,leaked,0.0,0.0,0.0,40
bge-m3,addressee,5,0.75,5,part,all,recall,0.4550308333333334,0.2135625,0.6179583333333334,40
bge-m3,addressee,5,0.75,5,part,answerable,any_hit,0.7325238902626847,0.6971046770601337,0.779130825219775,40
bge-m3,addressee,5,0.75,5,part,answerable,authorized,1.0,1.0,1.0,40
bge-m3,addressee,5,0.75,5,part,answerable,context_size,5.0,5.0,5.0,40
bge-m3,addressee,5,0.75,5,part,answerable,leaked,0.0,0.0,0.0,40
bge-m3,addressee,5,0.75,5,part,answerable,recall,0.6838506431508207,0.6410773942093542,0.748804234804802,40
bge-m3,addressee,5,0.75,5,part,unanswerable,any_hit,0.07179149909065238,0.030701850233100236,0.15390625,40
bge-m3,addressee,5,0.75,5,part,unanswerable,authorized,1.0,1.0,1.0,40
bge-m3,addressee,5,0.75,5,part,unanswerable,context_size,5.0,5.0,5.0,40
bge-m3,addressee,5,0.75,5,part,unanswerable,leaked,0.0,0.0,0.0,40
bge-m3,addressee,5,0.75,5,part,unanswerable,recall,0.02930915165054024,0.013744819994819994,0.06100260416666666,40
bge-m3,addressee,5,0.75,5,post,all,authorized,1.0,1.0,1.0,40
bge-m3,addressee,5,0.75,5,post,all,context_size,3.4629,1.613,4.7862,40
bge-m3,addressee,5,0.75,5,post,all,leaked,0.0,0.0,0.0,40
bge-m3,addressee,5,0.75,5,post,all,recall,0.4462266666666667,0.19960000000000003,0.6163083333333333,40
bge-m3,addressee,5,0.75,5,post,answerable,any_hit,0.7118455747298259,0.6959192349364955,0.7281049935979513,40
bge-m3,addressee,5,0.75,5,post,answerable,authorized,1.0,1.0,1.0,40
bge-m3,addressee,5,0.75,5,post,answerable,context_size,4.2962601765571495,3.4424425749125627,4.974904133627973,40
bge-m3,addressee,5,0.75,5,post,answerable,leaked,0.0,0.0,0.0,40
bge-m3,addressee,5,0.75,5,post,answerable,recall,0.6632134826976097,0.640487548409062,0.6888552793269684,40
bge-m3,addressee,5,0.75,5,post,unanswerable,any_hit,0.06886984557761314,0.022392191142191143,0.15390625,40
bge-m3,addressee,5,0.75,5,post,unanswerable,authorized,1.0,1.0,1.0,40
bge-m3,addressee,5,0.75,5,post,unanswerable,context_size,1.6971818985927136,0.82427608311229,2.5124999999999993,40
bge-m3,addressee,5,0.75,5,post,unanswerable,leaked,0.0,0.0,0.0,40
bge-m3,addressee,5,0.75,5,post,unanswerable,recall,0.02825610563417772,0.010360401093159713,0.06100260416666666,40
bge-m3,addressee,5,0.75,5,pre,all,authorized,1.0,1.0,1.0,40
bge-m3,addressee,5,0.75,5,pre,all,context_size,5.0,5.0,5.0,40
bge-m3,addressee,5,0.75,5,pre,all,leaked,0.0,0.0,0.0,40
bge-m3,addressee,5,0.75,5,pre,all,recall,0.4550308333333334,0.2135625,0.6179583333333334,40
bge-m3,addressee,5,0.75,5,pre,answerable,any_hit,0.7325238902626847,0.6971046770601337,0.779130825219775,40
bge-m3,addressee,5,0.75,5,pre,answerable,authorized,1.0,1.0,1.0,40
bge-m3,addressee,5,0.75,5,pre,answerable,context_size,5.0,5.0,5.0,40
bge-m3,addressee,5,0.75,5,pre,answerable,leaked,0.0,0.0,0.0,40
bge-m3,addressee,5,0.75,5,pre,answerable,recall,0.6838506431508207,0.6410773942093542,0.748804234804802,40
bge-m3,addressee,5,0.75,5,pre,unanswerable,any_hit,0.07179149909065238,0.030701850233100236,0.15390625,40
bge-m3,addressee,5,0.75,5,pre,unanswerable,authorized,1.0,1.0,1.0,40
bge-m3,addressee,5,0.75,5,pre,unanswerable,context_size,5.0,5.0,5.0,40
bge-m3,addressee,5,0.75,5,pre,unanswerable,leaked,0.0,0.0,0.0,40
bge-m3,addressee,5,0.75,5,pre,unanswerable,recall,0.02930915165054024,0.013744819994819994,0.06100260416666666,40
bge-m3,addressee,5,0.9,6,_policy,all,answerable_rate,0.8733999999999998,0.344,0.996,40
bge-m3,addressee,5,0.9,6,_policy,all,authorized_passages,0.8867276360282815,0.3441438671995081,0.9932370119889333,40
bge-m3,addressee,5,0.9,6,_q,answerable,n,1.0,1.0,1.0,40
bge-m3,addressee,5,0.9,6,_q,unanswerable,n,1.0,1.0,1.0,40
bge-m3,addressee,5,0.9,6,none,all,authorized,0.80525,0.156,0.992,40
bge-m3,addressee,5,0.9,6,none,all,context_size,5.0,5.0,5.0,40
bge-m3,addressee,5,0.9,6,none,all,leaked,0.5845499999999999,0.014,3.058,40
bge-m3,addressee,5,0.9,6,none,all,recall,0.6467333333333334,0.6467333333333334,0.6467333333333334,40
bge-m3,addressee,5,0.9,6,none,answerable,any_hit,0.7100730944227938,0.6997885835095138,0.7209302325581395,40
bge-m3,addressee,5,0.9,6,none,answerable,authorized,0.8665578596439196,0.4011627906976744,0.9959839357429718,40
bge-m3,addressee,5,0.9,6,none,answerable,context_size,5.0,5.0,5.0,40
bge-m3,addressee,5,0.9,6,none,answerable,leaked,0.2711168009683198,0.004016064257028112,1.436046511627907,40
bge-m3,addressee,5,0.9,6,none,answerable,recall,0.6537383451465376,0.6399577167019027,0.6802325581395349,40
bge-m3,addressee,5,0.9,6,none,unanswerable,any_hit,0.6345670241204674,0.5,0.8518518518518519,40
bge-m3,addressee,5,0.9,6,none,unanswerable,authorized,0.2521264439171541,0.0,0.625,40
bge-m3,addressee,5,0.9,6,none,unanswerable,context_size,5.0,5.0,5.0,40
bge-m3,addressee,5,0.9,6,none,unanswerable,leaked,2.6781635504420658,1.875,3.908536585365854,40
bge-m3,addressee,5,0.9,6,none,unanswerable,recall,0.5564684933802581,0.4375,0.7654320987654321,40
bge-m3,addressee,5,0.9,6,part,all,authorized,1.0,1.0,1.0,40
bge-m3,addressee,5,0.9,6,part,all,context_size,5.0,5.0,5.0,40
bge-m3,addressee,5,0.9,6,part,all,leaked,0.0,0.0,0.0,40
bge-m3,addressee,5,0.9,6,part,all,recall,0.5759266666666667,0.2578333333333333,0.6457333333333334,40
bge-m3,addressee,5,0.9,6,part,answerable,any_hit,0.7174631269785738,0.6997885835095138,0.7616279069767442,40
bge-m3,addressee,5,0.9,6,part,answerable,authorized,1.0,1.0,1.0,40
bge-m3,addressee,5,0.9,6,part,answerable,context_size,5.0,5.0,5.0,40
bge-m3,addressee,5,0.9,6,part,answerable,leaked,0.0,0.0,0.0,40
bge-m3,addressee,5,0.9,6,part,answerable,recall,0.6611750065742756,0.6399577167019027,0.7209302325581395,40
bge-m3,addressee,5,0.9,6,part,unanswerable,any_hit,0.0806899456155195,0.0,0.16666666666666666,40
bge-m3,addressee,5,0.9,6,part,unanswerable,authorized,1.0,1.0,1.0,40
bge-m3,addressee,5,0.9,6,part,unanswerable,context_size,5.0,5.0,5.0,40
bge-m3,addressee,5,0.9,6,part,unanswerable,leaked,0.0,0.0,0.0,40
bge-m3,addressee,5,0.9,6,part,unanswerable,recall,0.0353689141906502,0.0,0.06597222222222222,40
bge-m3,addressee,5,0.9,6,post,all,authorized,1.0,1.0,1.0,40
bge-m3,addressee,5,0.9,6,post,all,context_size,4.41545,1.942,4.986,40
bge-m3,addressee,5,0.9,6,post,all,leaked,0.0,0.0,0.0,40
bge-m3,addressee,5,0.9,6,post,all,recall,0.5716933333333334,0.2416666666666667,0.6447333333333334,40
bge-m3,addressee,5,0.9,6,post,answerable,any_hit,0.7100730944227938,0.6997885835095138,0.7209302325581395,40
bge-m3,addressee,5,0.9,6,post,answerable,authorized,1.0,1.0,1.0,40
bge-m3,addressee,5,0.9,6,post,answerable,context_size,4.72888319903168,3.563953488372093,4.995983935742972,40
bge-m3,addressee,5,0.9,6,post,answerable,leaked,0.0,0.0,0.0,40
bge-m3,addressee,5,0.9,6,post,answerable,recall,0.6537383451465376,0.6399577167019027,0.6802325581395349,40
bge-m3,addressee,5,0.9,6,post,unanswerable,any_hit,0.07977531146917805,0.0,0.16666666666666666,40
bge-m3,addressee,5,0.9,6,post,unanswerable,authorized,1.0,1.0,1.0,40
bge-m3,addressee,5,0.9,6,post,unanswerable,context_size,2.3218364495579342,1.0914634146341464,3.125,40
bge-m3,addressee,5,0.9,6,post,unanswerable,leaked,0.0,0.0,0.0,40
bge-m3,addressee,5,0.9,6,post,unanswerable,recall,0.03503862963780467,0.0,0.06597222222222222,40
bge-m3,addressee,5,0.9,6,pre,all,authorized,1.0,1.0,1.0,40
bge-m3,addressee,5,0.9,6,pre,all,context_size,5.0,5.0,5.0,40
bge-m3,addressee,5,0.9,6,pre,all,leaked,0.0,0.0,0.0,40
bge-m3,addressee,5,0.9,6,pre,all,recall,0.5759266666666667,0.2578333333333333,0.6457333333333334,40
bge-m3,addressee,5,0.9,6,pre,answerable,any_hit,0.7174631269785738,0.6997885835095138,0.7616279069767442,40
bge-m3,addressee,5,0.9,6,pre,answerable,authorized,1.0,1.0,1.0,40
bge-m3,addressee,5,0.9,6,pre,answerable,context_size,5.0,5.0,5.0,40
bge-m3,addressee,5,0.9,6,pre,answerable,leaked,0.0,0.0,0.0,40
bge-m3,addressee,5,0.9,6,pre,answerable,recall,0.6611750065742756,0.6399577167019027,0.7209302325581395,40
bge-m3,addressee,5,0.9,6,pre,unanswerable,any_hit,0.0806899456155195,0.0,0.16666666666666666,40
bge-m3,addressee,5,0.9,6,pre,unanswerable,authorized,1.0,1.0,1.0,40
bge-m3,addressee,5,0.9,6,pre,unanswerable,context_size,5.0,5.0,5.0,40
bge-m3,addressee,5,0.9,6,pre,unanswerable,leaked,0.0,0.0,0.0,40
bge-m3,addressee,5,0.9,6,pre,unanswerable,recall,0.0353689141906502,0.0,0.06597222222222222,40
nemotron-1b,compartment,5,0.1,4,_policy,all,answerable_rate,0.0786,0.013800000000000002,0.17484999999999995,40
nemotron-1b,compartment,5,0.1,4,_policy,all,authorized_passages,0.08887373193974793,0.013808407623731941,0.21041730710113735,40
nemotron-1b,compartment,5,0.1,4,_q,answerable,n,1.0,1.0,1.0,40
nemotron-1b,compartment,5,0.1,4,_q,unanswerable,n,1.0,1.0,1.0,40
nemotron-1b,compartment,5,0.1,4,none,all,authorized,0.0398,0.00395,0.10879999999999995,40
nemotron-1b,compartment,5,0.1,4,none,all,context_size,5.0,5.0,5.0,40
nemotron-1b,compartment,5,0.1,4,none,all,leaked,4.5748,4.0251,4.9144499999999995,40
nemotron-1b,compartment,5,0.1,4,none,all,recall,0.7584,0.7584,0.7584,40
nemotron-1b,compartment,5,0.1,4,none,answerable,any_hit,0.8791088223159453,0.6642857142857143,1.0,40
nemotron-1b,compartment,5,0.1,4,none,answerable,authorized,0.4435906567440659,0.11470588235294119,0.7006249999999999,40
nemotron-1b,compartment,5,0.1,4,none,answerable,context_size,5.0,5.0,5.0,40
nemotron-1b,compartment,5,0.1,4,none,answerable,leaked,1.3459384693341985,0.7972952586206897,2.1726190476190457,40
nemotron-1b,compartment,5,0.1,4,none,answerable,recall,0.8255088958525201,0.6642857142857143,0.9713235294117647,40
nemotron-1b,compartment,5,0.1,4,none,unanswerable,any_hit,0.8293676231592684,0.8199494382022472,0.8411194316436251,40
nemotron-1b,compartment,5,0.1,4,none,unanswerable,authorized,0.0031590760729762134,0.0,0.009174155562441869,40
nemotron-1b,compartment,5,0.1,4,none,unanswerable,context_size,5.0,5.0,5.0,40
nemotron-1b,compartment,5,0.1,4,none,unanswerable,leaked,4.857857222354104,4.694777517564403,4.968759645061728,40
nemotron-1b,compartment,5,0.1,4,none,unanswerable,recall,0.7537799815016013,0.7428081861958268,0.7638041705741376,40
nemotron-1b,compartment,5,0.1,4,part,all,authorized,1.0,1.0,1.0,40
nemotron-1b,compartment,5,0.1,4,part,all,context_size,5.0,5.0,5.0,40
nemotron-1b,compartment,5,0.1,4,part,all,leaked,0.0,0.0,0.0,40
nemotron-1b,compartment,5,0.1,4,part,all,recall,0.0680075,0.008983333333333333,0.13707499999999995,40
nemotron-1b,compartment,5,0.1,4,part,answerable,any_hit,0.9116204371344037,0.7612946428571428,1.0,40
nemotron-1b,compartment,5,0.1,4,part,answerable,authorized,1.0,1.0,1.0,40
nemotron-1b,compartment,5,0.1,4,part,answerable,context_size,5.0,5.0,5.0,40
nemotron-1b,compartment,5,0.1,4,part,answerable,leaked,0.0,0.0,0.0,40
nemotron-1b,compartment,5,0.1,4,part,answerable,recall,0.8607347856196924,0.6813058035714286,1.0,40
nemotron-1b,compartment,5,0.1,4,part,unanswerable,any_hit,0.005105459753548137,0.0,0.014301705756929637,40
nemotron-1b,compartment,5,0.1,4,part,unanswerable,authorized,1.0,1.0,1.0,40
nemotron-1b,compartment,5,0.1,4,part,unanswerable,context_size,5.0,5.0,5.0,40
nemotron-1b,compartment,5,0.1,4,part,unanswerable,leaked,0.0,0.0,0.0,40
nemotron-1b,compartment,5,0.1,4,part,unanswerable,recall,0.002082547054133107,0.0,0.006354832977967306,40
nemotron-1b,compartment,5,0.1,4,post,all,authorized,1.0,1.0,1.0,40
nemotron-1b,compartment,5,0.1,4,post,all,context_size,0.42519999999999997,0.08555,0.9748999999999999,40
nemotron-1b,compartment,5,0.1,4,post,all,leaked,0.0,0.0,0.0,40
nemotron-1b,compartment,5,0.1,4,post,all,recall,0.0655575,0.007941666666666666,0.13507499999999995,40
nemotron-1b,compartment,5,0.1,4,post,answerable,any_hit,0.8791088223159453,0.6642857142857143,1.0,40
nemotron-1b,compartment,5,0.1,4,post,answerable,authorized,1.0,1.0,1.0,40
nemotron-1b,compartment,5,0.1,4,post,answerable,context_size,3.654061530665802,2.8273809523809526,4.202704741379311,40
nemotron-1b,compartment,5,0.1,4,post,answerable,leaked,0.0,0.0,0.0,40
nemotron-1b,compartment,5,0.1,4,post,answerable,recall,0.8255088958525201,0.6642857142857143,0.9713235294117647,40
nemotron-1b,compartment,5,0.1,4,post,unanswerable,any_hit,0.004681512836547533,0.0,0.012830490405117268,40
nemotron-1b,compartment,5,0.1,4,post,unanswerable,authorized,1.0,1.0,1.0,40
nemotron-1b,compartment,5,0.1,4,post,unanswerable,context_size,0.1421427776458964,0.031240354938271604,0.3052224824355972,40
nemotron-1b,compartment,5,0.1,4,post,unanswerable,leaked,0.0,0.0,0.0,40
nemotron-1b,compartment,5,0.1,4,post,unanswerable,recall,0.0018875306189800208,0.0,0.005529199241885808,40
nemotron-1b,compartment,5,0.1,4,pre,all,authorized,1.0,1.0,1.0,40
nemotron-1b,compartment,5,0.1,4,pre,all,context_size,5.0,5.0,5.0,40
nemotron-1b,compartment,5,0.1,4,pre,all,leaked,0.0,0.0,0.0,40
nemotron-1b,compartment,5,0.1,4,pre,all,recall,0.0680075,0.008983333333333333,0.13707499999999995,40
nemotron-1b,compartment,5,0.1,4,pre,answerable,any_hit,0.9116204371344037,0.7612946428571428,1.0,40
nemotron-1b,compartment,5,0.1,4,pre,answerable,authorized,1.0,1.0,1.0,40
nemotron-1b,compartment,5,0.1,4,pre,answerable,context_size,5.0,5.0,5.0,40
nemotron-1b,compartment,5,0.1,4,pre,answerable,leaked,0.0,0.0,0.0,40
nemotron-1b,compartment,5,0.1,4,pre,answerable,recall,0.8607347856196924,0.6813058035714286,1.0,40
nemotron-1b,compartment,5,0.1,4,pre,unanswerable,any_hit,0.005105459753548137,0.0,0.014301705756929637,40
nemotron-1b,compartment,5,0.1,4,pre,unanswerable,authorized,1.0,1.0,1.0,40
nemotron-1b,compartment,5,0.1,4,pre,unanswerable,context_size,5.0,5.0,5.0,40
nemotron-1b,compartment,5,0.1,4,pre,unanswerable,leaked,0.0,0.0,0.0,40
nemotron-1b,compartment,5,0.1,4,pre,unanswerable,recall,0.002082547054133107,0.0,0.006354832977967306,40
nemotron-1b,compartment,5,0.25,10,_policy,all,answerable_rate,0.21885000000000004,0.1032,0.37444999999999995,40
nemotron-1b,compartment,5,0.25,10,_policy,all,authorized_passages,0.23293690439594217,0.11446357208730402,0.44249538887181056,40
nemotron-1b,compartment,5,0.25,10,_q,answerable,n,1.0,1.0,1.0,40
nemotron-1b,compartment,5,0.25,10,_q,unanswerable,n,1.0,1.0,1.0,40
nemotron-1b,compartment,5,0.25,10,none,all,authorized,0.12735,0.04355,0.25844999999999996,40
nemotron-1b,compartment,5,0.25,10,none,all,context_size,5.0,5.0,5.0,40
nemotron-1b,compartment,5,0.25,10,none,all,leaked,3.8064999999999998,3.0278,4.38385,40
nemotron-1b,compartment,5,0.25,10,none,all,recall,0.7584,0.7584,0.7584,40
nemotron-1b,compartment,5,0.25,10,none,answerable,any_hit,0.8457928092387554,0.7726196172248804,0.9280290570175438,40
nemotron-1b,compartment,5,0.25,10,none,answerable,authorized,0.5061702208142371,0.3474206349206349,0.6727811833688699,40
nemotron-1b,compartment,5,0.25,10,none,answerable,context_size,5.0,5.0,5.0,40
nemotron-1b,compartment,5,0.25,10,none,answerable,leaked,1.0505725615172072,0.694926948051948,1.528472222222222,40
nemotron-1b,compartment,5,0.25,10,none,answerable,recall,0.7888071810357257,0.7079495614035088,0.865368009868421,40
nemotron-1b,compartment,5,0.25,10,none,unanswerable,any_hit,0.8300338730255621,0.8127228332439156,0.8487116798446386,40
nemotron-1b,compartment,5,0.25,10,none,unanswerable,authorized,0.015395433180030966,0.002287810623868159,0.033230142793395805,40
nemotron-1b,compartment,5,0.25,10,none,unanswerable,context_size,5.0,5.0,5.0,40
nemotron-1b,compartment,5,0.25,10,none,unanswerable,leaked,4.582558156835859,4.2801748294346975,4.789827135558988,40
nemotron-1b,compartment,5,0.25,10,none,unanswerable,recall,0.7511712871739388,0.7333650090970635,0.7740154320987654,40
nemotron-1b,compartment,5,0.25,10,part,all,authorized,1.0,1.0,1.0,40
nemotron-1b,compartment,5,0.25,10,part,all,context_size,5.0,5.0,5.0,40
nemotron-1b,compartment,5,0.25,10,part,all,leaked,0.0,0.0,0.0,40
nemotron-1b,compartment,5,0.25,10,part,all,recall,0.18088416666666668,0.07733333333333332,0.31079416666666665,40
nemotron-1b,compartment,5,0.25,10,part,answerable,any_hit,0.8623319088083651,0.7884469696969697,0.9386239035087719,40
nemotron-1b,compartment,5,0.25,10,part,answerable,authorized,1.0,1.0,1.0,40
nemotron-1b,compartment,5,0.25,10,part,answerable,context_size,5.0,5.0,5.0,40
nemotron-1b,compartment,5,0.25,10,part,answerable,leaked,0.0,0.0,0.0,40
nemotron-1b,compartment,5,0.25,10,part,answerable,recall,0.8087886972286402,0.7192645074224021,0.8845884658454646,40
nemotron-1b,compartment,5,0.25,10,part,unanswerable,any_hit,0.0154075157138991,0.006420429426894944,0.025691732733798753,40
nemotron-1b,compartment,5,0.25,10,part,unanswerable,authorized,1.0,1.0,1.0,40
nemotron-1b,compartment,5,0.25,10,part,unanswerable,context_size,5.0,5.0,5.0,40
nemotron-1b,compartment,5,0.25,10,part,unanswerable,leaked,0.0,0.0,0.0,40
nemotron-1b,compartment,5,0.25,10,part,unanswerable,recall,0.00647284930568712,0.002480646149827184,0.011029485984936716,40
nemotron-1b,compartment,5,0.25,10,post,all,authorized,1.0,1.0,1.0,40
nemotron-1b,compartment,5,0.25,10,post,all,context_size,1.1934999999999998,0.61615,1.9721999999999997,40
nemotron-1b,compartment,5,0.25,10,post,all,leaked,0.0,0.0,0.0,40
nemotron-1b,compartment,5,0.25,10,post,all,recall,0.1764925,0.07633333333333332,0.3015808333333333,40
nemotron-1b,compartment,5,0.25,10,post,answerable,any_hit,0.8457928092387554,0.7726196172248804,0.9280290570175438,40
nemotron-1b,compartment,5,0.25,10,post,answerable,authorized,1.0,1.0,1.0,40
nemotron-1b,compartment,5,0.25,10,post,answerable,context_size,3.949427438482793,3.4715277777777778,4.305073051948052,40
nemotron-1b,compartment,5,0.25,10,post,answerable,leaked,0.0,0.0,0.0,40
nemotron-1b,compartment,5,0.25,10,post,answerable,recall,0.7888071810357257,0.7079495614035088,0.865368009868421,40
nemotron-1b,compartment,5,0.25,10,post,unanswerable,any_hit,0.01535108230532122,0.006420429426894944,0.025691732733798753,40
nemotron-1b,compartment,5,0.25,10,post,unanswerable,authorized,1.0,1.0,1.0,40
nemotron-1b,compartment,5,0.25,10,post,unanswerable,context_size,0.41744184316414107,0.2101728644410122,0.719825170565302,40
nemotron-1b,compartment,5,0.25,10,post,unanswerable,leaked,0.0,0.0,0.0,40
nemotron-1b,compartment,5,0.25,10,post,unanswerable,recall,0.006444632601398182,0.002480646149827184,0.011029485984936716,40
nemotron-1b,compartment,5,0.25,10,pre,all,authorized,1.0,1.0,1.0,40
nemotron-1b,compartment,5,0.25,10,pre,all,context_size,5.0,5.0,5.0,40
nemotron-1b,compartment,5,0.25,10,pre,all,leaked,0.0,0.0,0.0,40
nemotron-1b,compartment,5,0.25,10,pre,all,recall,0.18088416666666668,0.07733333333333332,0.31079416666666665,40
nemotron-1b,compartment,5,0.25,10,pre,answerable,any_hit,0.8623319088083651,0.7884469696969697,0.9386239035087719,40
nemotron-1b,compartment,5,0.25,10,pre,answerable,authorized,1.0,1.0,1.0,40
nemotron-1b,compartment,5,0.25,10,pre,answerable,context_size,5.0,5.0,5.0,40
nemotron-1b,compartment,5,0.25,10,pre,answerable,leaked,0.0,0.0,0.0,40
nemotron-1b,compartment,5,0.25,10,pre,answerable,recall,0.8087886972286402,0.7192645074224021,0.8845884658454646,40
nemotron-1b,compartment,5,0.25,10,pre,unanswerable,any_hit,0.0154075157138991,0.006420429426894944,0.025691732733798753,40
nemotron-1b,compartment,5,0.25,10,pre,unanswerable,authorized,1.0,1.0,1.0,40
nemotron-1b,compartment,5,0.25,10,pre,unanswerable,context_size,5.0,5.0,5.0,40
nemotron-1b,compartment,5,0.25,10,pre,unanswerable,leaked,0.0,0.0,0.0,40
nemotron-1b,compartment,5,0.25,10,pre,unanswerable,recall,0.00647284930568712,0.002480646149827184,0.011029485984936716,40
nemotron-1b,compartment,5,0.5,20,_policy,all,answerable_rate,0.45010000000000006,0.26180000000000003,0.64735,40
nemotron-1b,compartment,5,0.5,20,_policy,all,authorized_passages,0.490068782662158,0.28685828466031355,0.6675299723332309,40
nemotron-1b,compartment,5,0.5,20,_q,answerable,n,1.0,1.0,1.0,40
nemotron-1b,compartment,5,0.5,20,_q,unanswerable,n,1.0,1.0,1.0,40
nemotron-1b,compartment,5,0.5,20,none,all,authorized,0.31235,0.1543,0.4939499999999999,40
nemotron-1b,compartment,5,0.5,20,none,all,context_size,5.0,5.0,5.0,40
nemotron-1b,compartment,5,0.5,20,none,all,leaked,2.6201,1.6663,3.6620499999999994,40
nemotron-1b,compartment,5,0.5,20,none,all,recall,0.7584,0.7584,0.7584,40
nemotron-1b,compartment,5,0.5,20,none,answerable,any_hit,0.8431316973762722,0.8142614393964032,0.8950514705882353,40
nemotron-1b,compartment,5,0.5,20,none,answerable,authorized,0.6391432221382225,0.49079058441558443,0.7743433570335188,40
nemotron-1b,compartment,5,0.5,20,none,answerable,context_size,5.0,5.0,5.0,40
nemotron-1b,compartment,5,0.5,20,none,answerable,leaked,0.7066369413263018,0.3641854193788358,1.0850593372145096,40
nemotron-1b,compartment,5,0.5,20,none,answerable,recall,0.7843697440583017,0.7502822467577989,0.8391200980392156,40
nemotron-1b,compartment,5,0.5,20,none,unanswerable,any_hit,0.8274167972573434,0.7899129213483146,0.8668579234972678,40
nemotron-1b,compartment,5,0.5,20,none,unanswerable,authorized,0.0366429872311531,0.008130408400168848,0.09236175115207372,40
nemotron-1b,compartment,5,0.5,20,none,unanswerable,context_size,5.0,5.0,5.0,40
nemotron-1b,compartment,5,0.5,20,none,unanswerable,leaked,4.1748051706961515,3.679705069124424,4.590255819060166,40
nemotron-1b,compartment,5,0.5,20,none,unanswerable,recall,0.7398035823414597,0.7045299157303371,0.7653058370591157,40
nemotron-1b,compartment,5,0.5,20,part,all,authorized,1.0,1.0,1.0,40
nemotron-1b,compartment,5,0.5,20,part,all,context_size,5.0,5.0,5.0,40
nemotron-1b,compartment,5,0.5,20,part,all,leaked,0.0,0.0,0.0,40
nemotron-1b,compartment,5,0.5,20,part,all,recall,0.3642491666666666,0.2129625,0.5204125000000001,40
nemotron-1b,compartment,5,0.5,20,part,answerable,any_hit,0.8539751265637772,0.825610161049311,0.9004779411764706,40
nemotron-1b,compartment,5,0.5,20,part,answerable,authorized,1.0,1.0,1.0,40
nemotron-1b,compartment,5,0.5,20,part,answerable,context_size,5.0,5.0,5.0,40
nemotron-1b,compartment,5,0.5,20,part,answerable,leaked,0.0,0.0,0.0,40
nemotron-1b,compartment,5,0.5,20,part,answerable,recall,0.7971396766543013,0.7689712515422905,0.8445465686274509,40
nemotron-1b,compartment,5,0.5,20,part,unanswerable,any_hit,0.031288670582105924,0.008351436659803804,0.06214824426242803,40
nemotron-1b,compartment,5,0.5,20,part,unanswerable,authorized,1.0,1.0,1.0,40
nemotron-1b,compartment,5,0.5,20,part,unanswerable,context_size,5.0,5.0,5.0,40
nemotron-1b,compartment,5,0.5,20,part,unanswerable,leaked,0.0,0.0,0.0,40
nemotron-1b,compartment,5,0.5,20,part,unanswerable,recall,0.013031808898104036,0.00333264893928384,0.02655769334739004,40
nemotron-1b,compartment,5,0.5,20,post,all,authorized,1.0,1.0,1.0,40
nemotron-1b,compartment,5,0.5,20,post,all,context_size,2.3799,1.3379500000000002,3.3336999999999994,40
nemotron-1b,compartment,5,0.5,20,post,all,leaked,0.0,0.0,0.0,40
nemotron-1b,compartment,5,0.5,20,post,all,recall,0.3583741666666666,0.2093875,0.5078708333333332,40
nemotron-1b,compartment,5,0.5,20,post,answerable,any_hit,0.8431316973762722,0.8142614393964032,0.8950514705882353,40
nemotron-1b,compartment,5,0.5,20,post,answerable,authorized,1.0,1.0,1.0,40
nemotron-1b,compartment,5,0.5,20,post,answerable,context_size,4.293363058673698,3.9149406627854906,4.635814580621164,40
nemotron-1b,compartment,5,0.5,20,post,answerable,leaked,0.0,0.0,0.0,40
nemotron-1b,compartment,5,0.5,20,post,answerable,recall,0.7843697440583017,0.7502822467577989,0.8391200980392156,40
nemotron-1b,compartment,5,0.5,20,post,unanswerable,any_hit,0.031288670582105924,0.008351436659803804,0.06214824426242803,40
nemotron-1b,compartment,5,0.5,20,post,unanswerable,authorized,1.0,1.0,1.0,40
nemotron-1b,compartment,5,0.5,20,post,unanswerable,context_size,0.8251948293038478,0.4097441809398331,1.320294930875576,40
nemotron-1b,compartment,5,0.5,20,post,unanswerable,leaked,0.0,0.0,0.0,40
nemotron-1b,compartment,5,0.5,20,post,unanswerable,recall,0.013031808898104036,0.00333264893928384,0.02655769334739004,40
nemotron-1b,compartment,5,0.5,20,pre,all,authorized,1.0,1.0,1.0,40
nemotron-1b,compartment,5,0.5,20,pre,all,context_size,5.0,5.0,5.0,40
nemotron-1b,compartment,5,0.5,20,pre,all,leaked,0.0,0.0,0.0,40
nemotron-1b,compartment,5,0.5,20,pre,all,recall,0.3642491666666666,0.2129625,0.5204125000000001,40
nemotron-1b,compartment,5,0.5,20,pre,answerable,any_hit,0.8539751265637772,0.825610161049311,0.9004779411764706,40
nemotron-1b,compartment,5,0.5,20,pre,answerable,authorized,1.0,1.0,1.0,40
nemotron-1b,compartment,5,0.5,20,pre,answerable,context_size,5.0,5.0,5.0,40
nemotron-1b,compartment,5,0.5,20,pre,answerable,leaked,0.0,0.0,0.0,40
nemotron-1b,compartment,5,0.5,20,pre,answerable,recall,0.7971396766543013,0.7689712515422905,0.8445465686274509,40
nemotron-1b,compartment,5,0.5,20,pre,unanswerable,any_hit,0.031288670582105924,0.008351436659803804,0.06214824426242803,40
nemotron-1b,compartment,5,0.5,20,pre,unanswerable,authorized,1.0,1.0,1.0,40
nemotron-1b,compartment,5,0.5,20,pre,unanswerable,context_size,5.0,5.0,5.0,40
nemotron-1b,compartment,5,0.5,20,pre,unanswerable,leaked,0.0,0.0,0.0,40
nemotron-1b,compartment,5,0.5,20,pre,unanswerable,recall,0.013031808898104036,0.00333264893928384,0.02655769334739004,40
nemotron-1b,compartment,5,0.75,30,_policy,all,answerable_rate,0.7398,0.5813499999999999,0.89205,40
nemotron-1b,compartment,5,0.75,30,_policy,all,authorized_passages,0.7507051183522903,0.566909391331079,0.9069839379034736,40
nemotron-1b,compartment,5,0.75,30,_q,answerable,n,1.0,1.0,1.0,40
nemotron-1b,compartment,5,0.75,30,_q,unanswerable,n,1.0,1.0,1.0,40
nemotron-1b,compartment,5,0.75,30,none,all,authorized,0.6087,0.433,0.8108,40
nemotron-1b,compartment,5,0.75,30,none,all,context_size,5.0,5.0,5.0,40
nemotron-1b,compartment,5,0.75,30,none,all,leaked,1.2465499999999998,0.49915,1.9473999999999998,40
nemotron-1b,compartment,5,0.75,30,none,all,recall,0.7584,0.7584,0.7584,40
nemotron-1b,compartment,5,0.75,30,none,answerable,any_hit,0.8324465467734236,0.8100107125388373,0.8525976534208874,40
nemotron-1b,compartment,5,0.75,30,none,answerable,authorized,0.7964946854858206,0.6878078074453189,0.9001079694224576,40
nemotron-1b,compartment,5,0.75,30,none,answerable,context_size,5.0,5.0,5.0,40
nemotron-1b,compartment,5,0.75,30,none,answerable,leaked,0.35503346105102934,0.15095667679898878,0.5565508666891988,40
nemotron-1b,compartment,5,0.75,30,none,answerable,recall,0.7653082693360473,0.7411327724591432,0.7924371967086877,40
nemotron-1b,compartment,5,0.75,30,none,unanswerable,any_hit,0.8374822662161158,0.7623100490196077,0.9074195906432749,40
nemotron-1b,compartment,5,0.75,30,none,unanswerable,authorized,0.06730177163891542,0.025595238095238095,0.13266253869969039,40
nemotron-1b,compartment,5,0.75,30,none,unanswerable,context_size,5.0,5.0,5.0,40
nemotron-1b,compartment,5,0.75,30,none,unanswerable,leaked,3.752921799499744,3.1730456656346746,4.246971585244267,40
nemotron-1b,compartment,5,0.75,30,none,unanswerable,recall,0.7418794269888845,0.6686761642156861,0.8280116959064329,40
nemotron-1b,compartment,5,0.75,30,part,all,authorized,1.0,1.0,1.0,40
nemotron-1b,compartment,5,0.75,30,part,all,context_size,5.0,5.0,5.0,40
nemotron-1b,compartment,5,0.75,30,part,all,leaked,0.0,0.0,0.0,40
nemotron-1b,compartment,5,0.75,30,part,all,recall,0.5760574999999999,0.4697933333333333,0.6826833333333333,40
nemotron-1b,compartment,5,0.75,30,part,answerable,any_hit,0.8378039272362525,0.8172173870998937,0.8568408316751542,40
nemotron-1b,compartment,5,0.75,30,part,answerable,authorized,1.0,1.0,1.0,40
nemotron-1b,compartment,5,0.75,30,part,answerable,context_size,5.0,5.0,5.0,40
nemotron-1b,compartment,5,0.75,30,part,answerable,leaked,0.0,0.0,0.0,40
nemotron-1b,compartment,5,0.75,30,part,answerable,recall,0.7717083956132001,0.7457312961351257,0.7997540270115973,40
nemotron-1b,compartment,5,0.75,30,part,unanswerable,any_hit,0.05637708264544139,0.02279840848806366,0.11129385964912279,40
nemotron-1b,compartment,5,0.75,30,part,unanswerable,authorized,1.0,1.0,1.0,40
nemotron-1b,compartment,5,0.75,30,part,unanswerable,context_size,5.0,5.0,5.0,40
nemotron-1b,compartment,5,0.75,30,part,unanswerable,leaked,0.0,0.0,0.0,40
nemotron-1b,compartment,5,0.75,30,part,unanswerable,recall,0.02383688831802127,0.00946711134211134,0.04874025341130604,40
nemotron-1b,compartment,5,0.75,30,post,all,authorized,1.0,1.0,1.0,40
nemotron-1b,compartment,5,0.75,30,post,all,context_size,3.75345,3.0526,4.50085,40
nemotron-1b,compartment,5,0.75,30,post,all,leaked,0.0,0.0,0.0,40
nemotron-1b,compartment,5,0.75,30,post,all,recall,0.5713908333333333,0.46512666666666663,0.6782916666666667,40
nemotron-1b,compartment,5,0.75,30,post,answerable,any_hit,0.8324465467734236,0.8100107125388373,0.8525976534208874,40
nemotron-1b,compartment,5,0.75,30,post,answerable,authorized,1.0,1.0,1.0,40
nemotron-1b,compartment,5,0.75,30,post,answerable,context_size,4.644966538948971,4.443449133310801,4.849043323201012,40
nemotron-1b,compartment,5,0.75,30,post,answerable,leaked,0.0,0.0,0.0,40
nemotron-1b,compartment,5,0.75,30,post,answerable,recall,0.7653082693360473,0.7411327724591432,0.7924371967086877,40
nemotron-1b,compartment,5,0.75,30,post,unanswerable,any_hit,0.05637708264544139,0.02279840848806366,0.11129385964912279,40
nemotron-1b,compartment,5,0.75,30,post,unanswerable,authorized,1.0,1.0,1.0,40
nemotron-1b,compartment,5,0.75,30,post,unanswerable,context_size,1.2470782005002565,0.7530284147557328,1.826954334365325,40
nemotron-1b,compartment,5,0.75,30,post,unanswerable,leaked,0.0,0.0,0.0,40
nemotron-1b,compartment,5,0.75,30,post,unanswerable,recall,0.02383688831802127,0.00946711134211134,0.04874025341130604,40
nemotron-1b,compartment,5,0.75,30,pre,all,authorized,1.0,1.0,1.0,40
nemotron-1b,compartment,5,0.75,30,pre,all,context_size,5.0,5.0,5.0,40
nemotron-1b,compartment,5,0.75,30,pre,all,leaked,0.0,0.0,0.0,40
nemotron-1b,compartment,5,0.75,30,pre,all,recall,0.5760574999999999,0.4697933333333333,0.6826833333333333,40
nemotron-1b,compartment,5,0.75,30,pre,answerable,any_hit,0.8378039272362525,0.8172173870998937,0.8568408316751542,40
nemotron-1b,compartment,5,0.75,30,pre,answerable,authorized,1.0,1.0,1.0,40
nemotron-1b,compartment,5,0.75,30,pre,answerable,context_size,5.0,5.0,5.0,40
nemotron-1b,compartment,5,0.75,30,pre,answerable,leaked,0.0,0.0,0.0,40
nemotron-1b,compartment,5,0.75,30,pre,answerable,recall,0.7717083956132001,0.7457312961351257,0.7997540270115973,40
nemotron-1b,compartment,5,0.75,30,pre,unanswerable,any_hit,0.05637708264544139,0.02279840848806366,0.11129385964912279,40
nemotron-1b,compartment,5,0.75,30,pre,unanswerable,authorized,1.0,1.0,1.0,40
nemotron-1b,compartment,5,0.75,30,pre,unanswerable,context_size,5.0,5.0,5.0,40
nemotron-1b,compartment,5,0.75,30,pre,unanswerable,leaked,0.0,0.0,0.0,40
nemotron-1b,compartment,5,0.75,30,pre,unanswerable,recall,0.02383688831802127,0.00946711134211134,0.04874025341130604,40
nemotron-1b,compartment,5,0.9,36,_policy,all,answerable_rate,0.8848499999999999,0.7977500000000001,0.9724499999999999,40
nemotron-1b,compartment,5,0.9,36,_policy,all,authorized_passages,0.8972410083000307,0.753975176759914,0.9809675683984014,40
nemotron-1b,compartment,5,0.9,36,_q,answerable,n,1.0,1.0,1.0,40
nemotron-1b,compartment,5,0.9,36,_q,unanswerable,n,1.0,1.0,1.0,40
nemotron-1b,compartment,5,0.9,36,none,all,authorized,0.8170999999999999,0.694,0.95005,40
nemotron-1b,compartment,5,0.9,36,none,all,context_size,5.0,5.0,5.0,40
nemotron-1b,compartment,5,0.9,36,none,all,leaked,0.5449499999999999,0.12885000000000002,1.0162,40
nemotron-1b,compartment,5,0.9,36,none,all,recall,0.7584,0.7584,0.7584,40
nemotron-1b,compartment,5,0.9,36,none,answerable,any_hit,0.8329897890390641,0.8214203800786369,0.8466965883335321,40
nemotron-1b,compartment,5,0.9,36,none,answerable,authorized,0.9104685710735186,0.8413474741634747,0.9814182194616977,40
nemotron-1b,compartment,5,0.9,36,none,answerable,context_size,5.0,5.0,5.0,40
nemotron-1b,compartment,5,0.9,36,none,answerable,leaked,0.14743125604679613,0.04069281496817729,0.25917935308568446,40
nemotron-1b,compartment,5,0.9,36,none,answerable,recall,0.7630950519426586,0.7448213247341399,0.7789561413972721,40
nemotron-1b,compartment,5,0.9,36,none,unanswerable,any_hit,0.8365326963139201,0.6461601307189543,0.9663793103448276,40
nemotron-1b,compartment,5,0.9,36,none,unanswerable,authorized,0.09397883837613388,0.0,0.22514423076923076,40
nemotron-1b,compartment,5,0.9,36,none,unanswerable,context_size,5.0,5.0,5.0,40
nemotron-1b,compartment,5,0.9,36,none,unanswerable,leaked,3.514138775666288,2.5725000000000002,4.157122608079376,40
nemotron-1b,compartment,5,0.9,36,none,unanswerable,recall,0.7292840348825915,0.518423202614379,0.8817546583850933,40
nemotron-1b,compartment,5,0.9,36,part,all,authorized,1.0,1.0,1.0,40
nemotron-1b,compartment,5,0.9,36,part,all,context_size,5.0,5.0,5.0,40
nemotron-1b,compartment,5,0.9,36,part,all,leaked,0.0,0.0,0.0,40
nemotron-1b,compartment,5,0.9,36,part,all,recall,0.6803308333333333,0.6186708333333334,0.7421125,40
nemotron-1b,compartment,5,0.9,36,part,answerable,any_hit,0.8355326181297004,0.8237695757611173,0.8515835619706549,40
nemotron-1b,compartment,5,0.9,36,part,answerable,authorized,1.0,1.0,1.0,40
nemotron-1b,compartment,5,0.9,36,part,answerable,context_size,5.0,5.0,5.0,40
nemotron-1b,compartment,5,0.9,36,part,answerable,leaked,0.0,0.0,0.0,40
nemotron-1b,compartment,5,0.9,36,part,answerable,recall,0.765992753235978,0.7492764782642901,0.7839033559982503,40
nemotron-1b,compartment,5,0.9,36,part,unanswerable,any_hit,0.06642653879971347,0.0,0.1268749999999999,40
nemotron-1b,compartment,5,0.9,36,part,unanswerable,authorized,1.0,1.0,1.0,40
nemotron-1b,compartment,5,0.9,36,part,unanswerable,context_size,5.0,5.0,5.0,40
nemotron-1b,compartment,5,0.9,36,part,unanswerable,leaked,0.0,0.0,0.0,40
nemotron-1b,compartment,5,0.9,36,part,unanswerable,recall,0.0265086251133023,0.0,0.055291666666666656,40
nemotron-1b,compartment,5,0.9,36,post,all,authorized,1.0,1.0,1.0,40
nemotron-1b,compartment,5,0.9,36,post,all,context_size,4.45505,3.9838,4.87115,40
nemotron-1b,compartment,5,0.9,36,post,all,leaked,0.0,0.0,0.0,40
nemotron-1b,compartment,5,0.9,36,post,all,recall,0.6778808333333333,0.6161083333333333,0.7421125,40
nemotron-1b,compartment,5,0.9,36,post,answerable,any_hit,0.8329897890390641,0.8214203800786369,0.8466965883335321,40
nemotron-1b,compartment,5,0.9,36,post,answerable,authorized,1.0,1.0,1.0,40
nemotron-1b,compartment,5,0.9,36,post,answerable,context_size,4.852568743953204,4.740820646914316,4.959307185031823,40
nemotron-1b,compartment,5,0.9,36,post,answerable,leaked,0.0,0.0,0.0,40
nemotron-1b,compartment,5,0.9,36,post,answerable,recall,0.7630950519426586,0.7448213247341399,0.7789561413972721,40
nemotron-1b,compartment,5,0.9,36,post,unanswerable,any_hit,0.06642653879971347,0.0,0.1268749999999999,40
nemotron-1b,compartment,5,0.9,36,post,unanswerable,authorized,1.0,1.0,1.0,40
nemotron-1b,compartment,5,0.9,36,post,unanswerable,context_size,1.4858612243337121,0.8428773919206237,2.4274999999999998,40
nemotron-1b,compartment,5,0.9,36,post,unanswerable,leaked,0.0,0.0,0.0,40
nemotron-1b,compartment,5,0.9,36,post,unanswerable,recall,0.0265086251133023,0.0,0.055291666666666656,40
nemotron-1b,compartment,5,0.9,36,pre,all,authorized,1.0,1.0,1.0,40
nemotron-1b,compartment,5,0.9,36,pre,all,context_size,5.0,5.0,5.0,40
nemotron-1b,compartment,5,0.9,36,pre,all,leaked,0.0,0.0,0.0,40
nemotron-1b,compartment,5,0.9,36,pre,all,recall,0.6803308333333333,0.6186708333333334,0.7421125,40
nemotron-1b,compartment,5,0.9,36,pre,answerable,any_hit,0.8355326181297004,0.8237695757611173,0.8515835619706549,40
nemotron-1b,compartment,5,0.9,36,pre,answerable,authorized,1.0,1.0,1.0,40
nemotron-1b,compartment,5,0.9,36,pre,answerable,context_size,5.0,5.0,5.0,40
nemotron-1b,compartment,5,0.9,36,pre,answerable,leaked,0.0,0.0,0.0,40
nemotron-1b,compartment,5,0.9,36,pre,answerable,recall,0.765992753235978,0.7492764782642901,0.7839033559982503,40
nemotron-1b,compartment,5,0.9,36,pre,unanswerable,any_hit,0.06642653879971347,0.0,0.1268749999999999,40
nemotron-1b,compartment,5,0.9,36,pre,unanswerable,authorized,1.0,1.0,1.0,40
nemotron-1b,compartment,5,0.9,36,pre,unanswerable,context_size,5.0,5.0,5.0,40
nemotron-1b,compartment,5,0.9,36,pre,unanswerable,leaked,0.0,0.0,0.0,40
nemotron-1b,compartment,5,0.9,36,pre,unanswerable,recall,0.0265086251133023,0.0,0.055291666666666656,40
nemotron-1b,addressee,5,0.1,1,_policy,all,answerable_rate,0.10194999999999999,0.004,0.604,40
nemotron-1b,addressee,5,0.1,1,_policy,all,authorized_passages,0.11110897632954195,0.006762988011066708,0.6558561328004918,40
nemotron-1b,addressee,5,0.1,1,_q,answerable,n,1.0,1.0,1.0,40
nemotron-1b,addressee,5,0.1,1,_q,unanswerable,n,1.0,1.0,1.0,40
nemotron-1b,addressee,5,0.1,1,none,all,authorized,0.0553,0.002,0.342,40
nemotron-1b,addressee,5,0.1,1,none,all,context_size,5.0,5.0,5.0,40
nemotron-1b,addressee,5,0.1,1,none,all,leaked,4.44965,2.066,4.978,40
nemotron-1b,addressee,5,0.1,1,none,all,recall,0.7584,0.7584,0.7584,40
nemotron-1b,addressee,5,0.1,1,none,answerable,any_hit,0.7430417249476975,0.5,0.9565217391304348,40
nemotron-1b,addressee,5,0.1,1,none,answerable,authorized,0.47966915031217494,0.32989690721649484,0.6086956521739131,40
nemotron-1b,addressee,5,0.1,1,none,answerable,context_size,5.0,5.0,5.0,40
nemotron-1b,addressee,5,0.1,1,none,answerable,leaked,1.3755071894823394,0.5,2.5,40
nemotron-1b,addressee,5,0.1,1,none,answerable,recall,0.7258653555472266,0.5,0.9347826086956522,40
nemotron-1b,addressee,5,0.1,1,none,unanswerable,any_hit,0.832653164947628,0.8259958071278826,0.8383838383838383,40
nemotron-1b,addressee,5,0.1,1,none,unanswerable,authorized,0.00834527076044118,0.0,0.04040404040404041,40
nemotron-1b,addressee,5,0.1,1,none,unanswerable,context_size,5.0,5.0,5.0,40
nemotron-1b,addressee,5,0.1,1,none,unanswerable,leaked,4.76147646335487,3.8686868686868685,4.995983935742972,40
nemotron-1b,addressee,5,0.1,1,none,unanswerable,recall,0.7542113092729132,0.7409090909090909,0.7615384615384615,40
nemotron-1b,addressee,5,0.1,1,part,all,authorized,1.0,1.0,1.0,40
nemotron-1b,addressee,5,0.1,1,part,all,context_size,5.0,5.0,5.0,40
nemotron-1b,addressee,5,0.1,1,part,all,leaked,0.0,0.0,0.0,40
nemotron-1b,addressee,5,0.1,1,part,all,recall,0.08639833333333333,0.002,0.48323333333333335,40
nemotron-1b,addressee,5,0.1,1,part,answerable,any_hit,0.796956076868624,0.5,1.0,40
nemotron-1b,addressee,5,0.1,1,part,answerable,authorized,1.0,1.0,1.0,40
nemotron-1b,addressee,5,0.1,1,part,answerable,context_size,5.0,5.0,5.0,40
nemotron-1b,addressee,5,0.1,1,part,answerable,leaked,0.0,0.0,0.0,40
nemotron-1b,addressee,5,0.1,1,part,answerable,recall,0.7796078861623112,0.5,0.9782608695652174,40
nemotron-1b,addressee,5,0.1,1,part,unanswerable,any_hit,0.011740949956205265,0.0,0.05555555555555555,40
nemotron-1b,addressee,5,0.1,1,part,unanswerable,authorized,1.0,1.0,1.0,40
nemotron-1b,addressee,5,0.1,1,part,unanswerable,context_size,5.0,5.0,5.0,40
nemotron-1b,addressee,5,0.1,1,part,unanswerable,leaked,0.0,0.0,0.0,40
nemotron-1b,addressee,5,0.1,1,part,unanswerable,recall,0.004792605641522097,0.0,0.020791245791245788,40
nemotron-1b,addressee,5,0.1,1,post,all,authorized,1.0,1.0,1.0,40
nemotron-1b,addressee,5,0.1,1,post,all,context_size,0.55035,0.022,2.934,40
nemotron-1b,addressee,5,0.1,1,post,all,leaked,0.0,0.0,0.0,40
nemotron-1b,addressee,5,0.1,1,post,all,recall,0.08263166666666666,0.002,0.47323333333333334,40
nemotron-1b,addressee,5,0.1,1,post,answerable,any_hit,0.7430417249476975,0.5,0.9565217391304348,40
nemotron-1b,addressee,5,0.1,1,post,answerable,authorized,1.0,1.0,1.0,40
nemotron-1b,addressee,5,0.1,1,post,answerable,context_size,3.6244928105176606,2.5,4.5,40
nemotron-1b,addressee,5,0.1,1,post,answerable,leaked,0.0,0.0,0.0,40
nemotron-1b,addressee,5,0.1,1,post,answerable,recall,0.7258653555472266,0.5,0.9347826086956522,40
nemotron-1b,addressee,5,0.1,1,post,unanswerable,any_hit,0.009980705399908077,0.0,0.05555555555555555,40
nemotron-1b,addressee,5,0.1,1,post,unanswerable,authorized,1.0,1.0,1.0,40
nemotron-1b,addressee,5,0.1,1,post,unanswerable,context_size,0.23852353664512918,0.004016064257028112,1.1313131313131313,40
nemotron-1b,addressee,5,0.1,1,post,unanswerable,leaked,0.0,0.0,0.0,40
nemotron-1b,addressee,5,0.1,1,post,unanswerable,recall,0.004016505654895795,0.0,0.020791245791245788,40
nemotron-1b,addressee,5,0.1,1,pre,all,authorized,1.0,1.0,1.0,40
nemotron-1b,addressee,5,0.1,1,pre,all,context_size,5.0,5.0,5.0,40
nemotron-1b,addressee,5,0.1,1,pre,all,leaked,0.0,0.0,0.0,40
nemotron-1b,addressee,5,0.1,1,pre,all,recall,0.08639833333333333,0.002,0.48323333333333335,40
nemotron-1b,addressee,5,0.1,1,pre,answerable,any_hit,0.796956076868624,0.5,1.0,40
nemotron-1b,addressee,5,0.1,1,pre,answerable,authorized,1.0,1.0,1.0,40
nemotron-1b,addressee,5,0.1,1,pre,answerable,context_size,5.0,5.0,5.0,40
nemotron-1b,addressee,5,0.1,1,pre,answerable,leaked,0.0,0.0,0.0,40
nemotron-1b,addressee,5,0.1,1,pre,answerable,recall,0.7796078861623112,0.5,0.9782608695652174,40
nemotron-1b,addressee,5,0.1,1,pre,unanswerable,any_hit,0.011740949956205265,0.0,0.05555555555555555,40
nemotron-1b,addressee,5,0.1,1,pre,unanswerable,authorized,1.0,1.0,1.0,40
nemotron-1b,addressee,5,0.1,1,pre,unanswerable,context_size,5.0,5.0,5.0,40
nemotron-1b,addressee,5,0.1,1,pre,unanswerable,leaked,0.0,0.0,0.0,40
nemotron-1b,addressee,5,0.1,1,pre,unanswerable,recall,0.004792605641522097,0.0,0.020791245791245788,40
nemotron-1b,addressee,5,0.25,2,_policy,all,answerable_rate,0.2932,0.041350000000000005,0.6583999999999998,40
nemotron-1b,addressee,5,0.25,2,_policy,all,authorized_passages,0.3121695358130956,0.050409237626806026,0.7163483707347063,40
nemotron-1b,addressee,5,0.25,2,_q,answerable,n,1.0,1.0,1.0,40
nemotron-1b,addressee,5,0.25,2,_q,unanswerable,n,1.0,1.0,1.0,40
nemotron-1b,addressee,5,0.25,2,none,all,authorized,0.17409999999999998,0.01975,0.4286999999999996,40
nemotron-1b,addressee,5,0.25,2,none,all,context_size,5.0,5.0,5.0,40
nemotron-1b,addressee,5,0.25,2,none,all,leaked,3.4682000000000004,1.7386000000000001,4.7626,40
nemotron-1b,addressee,5,0.25,2,none,all,recall,0.7584,0.7584,0.7584,40
nemotron-1b,addressee,5,0.25,2,none,answerable,any_hit,0.8386108158558375,0.7553571428571428,0.9318181818181818,40
nemotron-1b,addressee,5,0.25,2,none,answerable,authorized,0.513950167133991,0.3333333333333333,0.6295113581260022,40
nemotron-1b,addressee,5,0.25,2,none,answerable,context_size,5.0,5.0,5.0,40
nemotron-1b,addressee,5,0.25,2,none,answerable,leaked,1.1277742183838684,0.6602051549852661,1.8575892857142857,40
nemotron-1b,addressee,5,0.25,2,none,answerable,recall,0.8041490662864641,0.7553571428571428,0.9,40
nemotron-1b,addressee,5,0.25,2,none,unanswerable,any_hit,0.8327775474692025,0.8223684210526315,0.8481675392670157,40
nemotron-1b,addressee,5,0.25,2,none,unanswerable,authorized,0.02790445071347003,0.0020526315789473684,0.05572254335260095,40
nemotron-1b,addressee,5,0.25,2,none,unanswerable,context_size,5.0,5.0,5.0,40
nemotron-1b,addressee,5,0.25,2,none,unanswerable,leaked,4.352439892514498,3.732180815508021,4.964902011125375,40
nemotron-1b,addressee,5,0.25,2,none,unanswerable,recall,0.7454353138944054,0.7217726396917148,0.7583552285418469,40
nemotron-1b,addressee,5,0.25,2,part,all,authorized,1.0,1.0,1.0,40
nemotron-1b,addressee,5,0.25,2,part,all,context_size,5.0,5.0,5.0,40
nemotron-1b,addressee,5,0.25,2,part,all,leaked,0.0,0.0,0.0,40
nemotron-1b,addressee,5,0.25,2,part,all,recall,0.24293833333333334,0.035699999999999996,0.5298041666666666,40
nemotron-1b,addressee,5,0.25,2,part,answerable,any_hit,0.8752741546722623,0.8049107142857144,0.9772727272727273,40
nemotron-1b,addressee,5,0.25,2,part,answerable,authorized,1.0,1.0,1.0,40
nemotron-1b,addressee,5,0.25,2,part,answerable,context_size,5.0,5.0,5.0,40
nemotron-1b,addressee,5,0.25,2,part,answerable,leaked,0.0,0.0,0.0,40
nemotron-1b,addressee,5,0.25,2,part,answerable,recall,0.840488293409787,0.763007530120482,0.94,40
nemotron-1b,addressee,5,0.25,2,part,unanswerable,any_hit,0.0319496359579257,0.0021034445870774495,0.06883021390374328,40
nemotron-1b,addressee,5,0.25,2,part,unanswerable,authorized,1.0,1.0,1.0,40
nemotron-1b,addressee,5,0.25,2,part,unanswerable,context_size,5.0,5.0,5.0,40
nemotron-1b,addressee,5,0.25,2,part,unanswerable,leaked,0.0,0.0,0.0,40
nemotron-1b,addressee,5,0.25,2,part,unanswerable,recall,0.0128776934375017,0.0007017543859649122,0.026580186051693384,40
nemotron-1b,addressee,5,0.25,2,post,all,authorized,1.0,1.0,1.0,40
nemotron-1b,addressee,5,0.25,2,post,all,context_size,1.5318,0.2374,3.2613999999999987,40
nemotron-1b,addressee,5,0.25,2,post,all,leaked,0.0,0.0,0.0,40
nemotron-1b,addressee,5,0.25,2,post,all,recall,0.23589666666666673,0.03205000000000001,0.5199791666666667,40
nemotron-1b,addressee,5,0.25,2,post,answerable,any_hit,0.8386108158558375,0.7553571428571428,0.9318181818181818,40
nemotron-1b,addressee,5,0.25,2,post,answerable,authorized,1.0,1.0,1.0,40
nemotron-1b,addressee,5,0.25,2,post,answerable,context_size,3.8722257816161316,3.142410714285714,4.339794845014733,40
nemotron-1b,addressee,5,0.25,2,post,answerable,leaked,0.0,0.0,0.0,40
nemotron-1b,addressee,5,0.25,2,post,answerable,recall,0.8041490662864641,0.7553571428571428,0.9,40
nemotron-1b,addressee,5,0.25,2,post,unanswerable,any_hit,0.030160114597672753,0.0020354906054279747,0.06883021390374328,40
nemotron-1b,addressee,5,0.25,2,post,unanswerable,authorized,1.0,1.0,1.0,40
nemotron-1b,addressee,5,0.25,2,post,unanswerable,context_size,0.6475601074855022,0.03509798887462559,1.267819184491978,40
nemotron-1b,addressee,5,0.25,2,post,unanswerable,leaked,0.0,0.0,0.0,40
nemotron-1b,addressee,5,0.25,2,post,unanswerable,recall,0.012057659641954125,0.0006784968684759916,0.026580186051693384,40
nemotron-1b,addressee,5,0.25,2,pre,all,authorized,1.0,1.0,1.0,40
nemotron-1b,addressee,5,0.25,2,pre,all,context_size,5.0,5.0,5.0,40
nemotron-1b,addressee,5,0.25,2,pre,all,leaked,0.0,0.0,0.0,40
nemotron-1b,addressee,5,0.25,2,pre,all,recall,0.24293833333333334,0.035699999999999996,0.5298041666666666,40
nemotron-1b,addressee,5,0.25,2,pre,answerable,any_hit,0.8752741546722623,0.8049107142857144,0.9772727272727273,40
nemotron-1b,addressee,5,0.25,2,pre,answerable,authorized,1.0,1.0,1.0,40
nemotron-1b,addressee,5,0.25,2,pre,answerable,context_size,5.0,5.0,5.0,40
nemotron-1b,addressee,5,0.25,2,pre,answerable,leaked,0.0,0.0,0.0,40
nemotron-1b,addressee,5,0.25,2,pre,answerable,recall,0.840488293409787,0.763007530120482,0.94,40
nemotron-1b,addressee,5,0.25,2,pre,unanswerable,any_hit,0.0319496359579257,0.0021034445870774495,0.06883021390374328,40
nemotron-1b,addressee,5,0.25,2,pre,unanswerable,authorized,1.0,1.0,1.0,40
nemotron-1b,addressee,5,0.25,2,pre,unanswerable,context_size,5.0,5.0,5.0,40
nemotron-1b,addressee,5,0.25,2,pre,unanswerable,leaked,0.0,0.0,0.0,40
nemotron-1b,addressee,5,0.25,2,pre,unanswerable,recall,0.0128776934375017,0.0007017543859649122,0.026580186051693384,40
nemotron-1b,addressee,5,0.5,4,_policy,all,answerable_rate,0.5425000000000001,0.094,0.92605,40
nemotron-1b,addressee,5,0.5,4,_policy,all,authorized_passages,0.5594950814632647,0.12058100215185982,0.9223293882569935,40
nemotron-1b,addressee,5,0.5,4,_q,answerable,n,1.0,1.0,1.0,40
nemotron-1b,addressee,5,0.5,4,_q,unanswerable,n,1.0,1.0,1.0,40
nemotron-1b,addressee,5,0.5,4,none,all,authorized,0.41525,0.056,0.914,40
nemotron-1b,addressee,5,0.5,4,none,all,context_size,5.0,5.0,5.0,40
nemotron-1b,addressee,5,0.5,4,none,all,leaked,2.1807000000000003,0.278,4.418,40
nemotron-1b,addressee,5,0.5,4,none,all,recall,0.7584,0.7584,0.7584,40
nemotron-1b,addressee,5,0.5,4,none,answerable,any_hit,0.8291077385204794,0.7872340425531915,0.8769230769230769,40
nemotron-1b,addressee,5,0.5,4,none,answerable,authorized,0.6403628018775389,0.453125,0.9697624190064795,40
nemotron-1b,addressee,5,0.5,4,none,answerable,context_size,5.0,5.0,5.0,40
nemotron-1b,addressee,5,0.5,4,none,answerable,leaked,0.780180804570856,0.03023758099352052,1.5957446808510638,40
nemotron-1b,addressee,5,0.5,4,none,answerable,recall,0.7810206512318871,0.7567450980392157,0.8461538461538461,40
nemotron-1b,addressee,5,0.5,4,none,unanswerable,any_hit,0.8348817722478504,0.8095306513409961,0.8666666666666667,40
nemotron-1b,addressee,5,0.5,4,none,unanswerable,authorized,0.09689866437397067,0.006666666666666667,0.27660440613026815,40
nemotron-1b,addressee,5,0.5,4,none,unanswerable,context_size,5.0,5.0,5.0,40
nemotron-1b,addressee,5,0.5,4,none,unanswerable,leaked,3.7815052530411037,2.8448275862068964,4.751111111111111,40
nemotron-1b,addressee,5,0.5,4,none,unanswerable,recall,0.7359615112929404,0.6847621328224776,0.7677777777777777,40
nemotron-1b,addressee,5,0.5,4,part,all,authorized,1.0,1.0,1.0,40
nemotron-1b,addressee,5,0.5,4,part,all,context_size,5.0,5.0,5.0,40
nemotron-1b,addressee,5,0.5,4,part,all,leaked,0.0,0.0,0.0,40
nemotron-1b,addressee,5,0.5,4,part,all,recall,0.43132833333333326,0.07633333333333332,0.706925,40
nemotron-1b,addressee,5,0.5,4,part,answerable,any_hit,0.8457065009430828,0.7872340425531915,0.8923076923076924,40
nemotron-1b,addressee,5,0.5,4,part,answerable,authorized,1.0,1.0,1.0,40
nemotron-1b,addressee,5,0.5,4,part,answerable,context_size,5.0,5.0,5.0,40
nemotron-1b,addressee,5,0.5,4,part,answerable,leaked,0.0,0.0,0.0,40
nemotron-1b,addressee,5,0.5,4,part,answerable,recall,0.7969583381506227,0.7592344530804883,0.8615384615384616,40
nemotron-1b,addressee,5,0.5,4,part,unanswerable,any_hit,0.06443834520395784,0.008888888888888889,0.13793103448275862,40
nemotron-1b,addressee,5,0.5,4,part,unanswerable,authorized,1.0,1.0,1.0,40
nemotron-1b,addressee,5,0.5,4,part,unanswerable,context_size,5.0,5.0,5.0,40
nemotron-1b,addressee,5,0.5,4,part,unanswerable,leaked,0.0,0.0,0.0,40
nemotron-1b,addressee,5,0.5,4,part,unanswerable,recall,0.02686167300320507,0.0033333333333333335,0.05890804597701149,40
nemotron-1b,addressee,5,0.5,4,post,all,authorized,1.0,1.0,1.0,40
nemotron-1b,addressee,5,0.5,4,post,all,context_size,2.8192999999999997,0.582,4.722,40
nemotron-1b,addressee,5,0.5,4,post,all,leaked,0.0,0.0,0.0,40
nemotron-1b,addressee,5,0.5,4,post,all,recall,0.42507,0.07466666666666666,0.706925,40
nemotron-1b,addressee,5,0.5,4,post,answerable,any_hit,0.8291077385204794,0.7872340425531915,0.8769230769230769,40
nemotron-1b,addressee,5,0.5,4,post,answerable,authorized,1.0,1.0,1.0,40
nemotron-1b,addressee,5,0.5,4,post,answerable,context_size,4.219819195429144,3.404255319148936,4.9697624190064795,40
nemotron-1b,addressee,5,0.5,4,post,answerable,leaked,0.0,0.0,0.0,40
nemotron-1b,addressee,5,0.5,4,post,answerable,recall,0.7810206512318871,0.7567450980392157,0.8461538461538461,40
nemotron-1b,addressee,5,0.5,4,post,unanswerable,any_hit,0.06185114470114654,0.0044444444444444444,0.13793103448275862,40
nemotron-1b,addressee,5,0.5,4,post,unanswerable,authorized,1.0,1.0,1.0,40
nemotron-1b,addressee,5,0.5,4,post,unanswerable,context_size,1.2184947469588965,0.24888888888888888,2.1551724137931036,40
nemotron-1b,addressee,5,0.5,4,post,unanswerable,leaked,0.0,0.0,0.0,40
nemotron-1b,addressee,5,0.5,4,post,unanswerable,recall,0.025613153358829167,0.0014814814814814814,0.05890804597701149,40
nemotron-1b,addressee,5,0.5,4,pre,all,authorized,1.0,1.0,1.0,40
nemotron-1b,addressee,5,0.5,4,pre,all,context_size,5.0,5.0,5.0,40
nemotron-1b,addressee,5,0.5,4,pre,all,leaked,0.0,0.0,0.0,40
nemotron-1b,addressee,5,0.5,4,pre,all,recall,0.43132833333333326,0.07633333333333332,0.706925,40
nemotron-1b,addressee,5,0.5,4,pre,answerable,any_hit,0.8457065009430828,0.7872340425531915,0.8923076923076924,40
nemotron-1b,addressee,5,0.5,4,pre,answerable,authorized,1.0,1.0,1.0,40
nemotron-1b,addressee,5,0.5,4,pre,answerable,context_size,5.0,5.0,5.0,40
nemotron-1b,addressee,5,0.5,4,pre,answerable,leaked,0.0,0.0,0.0,40
nemotron-1b,addressee,5,0.5,4,pre,answerable,recall,0.7969583381506227,0.7592344530804883,0.8615384615384616,40
nemotron-1b,addressee,5,0.5,4,pre,unanswerable,any_hit,0.06443834520395784,0.008888888888888889,0.13793103448275862,40
nemotron-1b,addressee,5,0.5,4,pre,unanswerable,authorized,1.0,1.0,1.0,40
nemotron-1b,addressee,5,0.5,4,pre,unanswerable,context_size,5.0,5.0,5.0,40
nemotron-1b,addressee,5,0.5,4,pre,unanswerable,leaked,0.0,0.0,0.0,40
nemotron-1b,addressee,5,0.5,4,pre,unanswerable,recall,0.02686167300320507,0.0033333333333333335,0.05890804597701149,40
nemotron-1b,addressee,5,0.75,5,_policy,all,answerable_rate,0.6720499999999999,0.29215,0.9487999999999999,40
nemotron-1b,addressee,5,0.75,5,_policy,all,authorized_passages,0.6861896710728559,0.2836516292652936,0.9495907623731938,40
nemotron-1b,addressee,5,0.75,5,_q,answerable,n,1.0,1.0,1.0,40
nemotron-1b,addressee,5,0.75,5,_q,unanswerable,n,1.0,1.0,1.0,40
nemotron-1b,addressee,5,0.75,5,none,all,authorized,0.56075,0.16985,0.92545,40
nemotron-1b,addressee,5,0.75,5,none,all,context_size,5.0,5.0,5.0,40
nemotron-1b,addressee,5,0.75,5,none,all,leaked,1.5245,0.2374,3.2613999999999987,40
nemotron-1b,addressee,5,0.75,5,none,all,recall,0.7584,0.7584,0.7584,40
nemotron-1b,addressee,5,0.75,5,none,answerable,any_hit,0.8312766298373265,0.8108108108108109,0.8424903969270167,40
nemotron-1b,addressee,5,0.75,5,none,answerable,authorized,0.729273418843864,0.4864864864864865,0.9749551540361368,40
nemotron-1b,addressee,5,0.75,5,none,answerable,context_size,5.0,5.0,5.0,40
nemotron-1b,addressee,5,0.75,5,none,answerable,leaked,0.5449097333005529,0.025044845963863256,1.1131518842786445,40
nemotron-1b,addressee,5,0.75,5,none,answerable,recall,0.7761742232303611,0.7539717891610987,0.8092861715749039,40
nemotron-1b,addressee,5,0.75,5,none,unanswerable,any_hit,0.8287452160606961,0.77671875,0.882707910750507,40
nemotron-1b,addressee,5,0.75,5,none,unanswerable,authorized,0.13532452126369274,0.022705168394823567,0.3781249999999998,40
nemotron-1b,addressee,5,0.75,5,none,unanswerable,context_size,5.0,5.0,5.0,40
nemotron-1b,addressee,5,0.75,5,none,unanswerable,leaked,3.536492839305155,2.49765625,4.201114259303913,40
nemotron-1b,addressee,5,0.75,5,none,unanswerable,recall,0.7258489529215564,0.6498046875,0.7978532792427316,40
nemotron-1b,addressee,5,0.75,5,part,all,authorized,1.0,1.0,1.0,40
nemotron-1b,addressee,5,0.75,5,part,all,context_size,5.0,5.0,5.0,40
nemotron-1b,addressee,5,0.75,5,part,all,leaked,0.0,0.0,0.0,40
nemotron-1b,addressee,5,0.75,5,part,all,recall,0.5290891666666667,0.24663750000000004,0.729275,40
nemotron-1b,addressee,5,0.75,5,part,answerable,any_hit,0.8452499588247233,0.8262806236080178,0.8727840909090908,40
nemotron-1b,addressee,5,0.75,5,part,answerable,authorized,1.0,1.0,1.0,40
nemotron-1b,addressee,5,0.75,5,part,answerable,context_size,5.0,5.0,5.0,40
nemotron-1b,addressee,5,0.75,5,part,answerable,leaked,0.0,0.0,0.0,40
nemotron-1b,addressee,5,0.75,5,part,answerable,recall,0.789821641990252,0.7539717891610987,0.8383838383838382,40
nemotron-1b,addressee,5,0.75,5,part,unanswerable,any_hit,0.076462188799821,0.036299898018648025,0.1878125,40
nemotron-1b,addressee,5,0.75,5,part,unanswerable,authorized,1.0,1.0,1.0,40
nemotron-1b,addressee,5,0.75,5,part,unanswerable,context_size,5.0,5.0,5.0,40
nemotron-1b,addressee,5,0.75,5,part,unanswerable,leaked,0.0,0.0,0.0,40
nemotron-1b,addressee,5,0.75,5,part,unanswerable,recall,0.03247308099278843,0.016047922665569724,0.08121093749999997,40
nemotron-1b,addressee,5,0.75,5,post,all,authorized,1.0,1.0,1.0,40
nemotron-1b,addressee,5,0.75,5,post,all,context_size,3.4755000000000003,1.7386000000000001,4.7626,40
nemotron-1b,addressee,5,0.75,5,post,all,leaked,0.0,0.0,0.0,40
nemotron-1b,addressee,5,0.75,5,post,all,recall,0.5230891666666666,0.23842083333333333,0.7263499999999999,40
nemotron-1b,addressee,5,0.75,5,post,answerable,any_hit,0.8312766298373265,0.8108108108108109,0.8424903969270167,40
nemotron-1b,addressee,5,0.75,5,post,answerable,authorized,1.0,1.0,1.0,40
nemotron-1b,addressee,5,0.75,5,post,answerable,context_size,4.455090266699448,3.8868481157213552,4.974955154036136,40
nemotron-1b,addressee,5,0.75,5,post,answerable,leaked,0.0,0.0,0.0,40
nemotron-1b,addressee,5,0.75,5,post,answerable,recall,0.7761742232303611,0.7539717891610987,0.8092861715749039,40
nemotron-1b,addressee,5,0.75,5,post,unanswerable,any_hit,0.07404608217916893,0.03618334790209791,0.1878125,40
nemotron-1b,addressee,5,0.75,5,post,unanswerable,authorized,1.0,1.0,1.0,40
nemotron-1b,addressee,5,0.75,5,post,unanswerable,context_size,1.463507160694845,0.7988857406960855,2.5023437499999996,40
nemotron-1b,addressee,5,0.75,5,post,unanswerable,leaked,0.0,0.0,0.0,40
nemotron-1b,addressee,5,0.75,5,post,unanswerable,recall,0.031208392435161148,0.015577246827246824,0.08121093749999997,40
nemotron-1b,addressee,5,0.75,5,pre,all,authorized,1.0,1.0,1.0,40
nemotron-1b,addressee,5,0.75,5,pre,all,context_size,5.0,5.0,5.0,40
nemotron-1b,addressee,5,0.75,5,pre,all,leaked,0.0,0.0,0.0,40
nemotron-1b,addressee,5,0.75,5,pre,all,recall,0.5290891666666667,0.24663750000000004,0.729275,40
nemotron-1b,addressee,5,0.75,5,pre,answerable,any_hit,0.8452499588247233,0.8262806236080178,0.8727840909090908,40
nemotron-1b,addressee,5,0.75,5,pre,answerable,authorized,1.0,1.0,1.0,40
nemotron-1b,addressee,5,0.75,5,pre,answerable,context_size,5.0,5.0,5.0,40
nemotron-1b,addressee,5,0.75,5,pre,answerable,leaked,0.0,0.0,0.0,40
nemotron-1b,addressee,5,0.75,5,pre,answerable,recall,0.789821641990252,0.7539717891610987,0.8383838383838382,40
nemotron-1b,addressee,5,0.75,5,pre,unanswerable,any_hit,0.076462188799821,0.036299898018648025,0.1878125,40
nemotron-1b,addressee,5,0.75,5,pre,unanswerable,authorized,1.0,1.0,1.0,40
nemotron-1b,addressee,5,0.75,5,pre,unanswerable,context_size,5.0,5.0,5.0,40
nemotron-1b,addressee,5,0.75,5,pre,unanswerable,leaked,0.0,0.0,0.0,40
nemotron-1b,addressee,5,0.75,5,pre,unanswerable,recall,0.03247308099278843,0.016047922665569724,0.08121093749999997,40
nemotron-1b,addressee,5,0.9,6,_policy,all,answerable_rate,0.8733999999999998,0.344,0.996,40
nemotron-1b,addressee,5,0.9,6,_policy,all,authorized_passages,0.8867276360282815,0.3441438671995081,0.9932370119889333,40
nemotron-1b,addressee,5,0.9,6,_q,answerable,n,1.0,1.0,1.0,40
nemotron-1b,addressee,5,0.9,6,_q,unanswerable,n,1.0,1.0,1.0,40
nemotron-1b,addressee,5,0.9,6,none,all,authorized,0.8112000000000001,0.212,0.992,40
nemotron-1b,addressee,5,0.9,6,none,all,context_size,5.0,5.0,5.0,40
nemotron-1b,addressee,5,0.9,6,none,all,leaked,0.59245,0.022,2.934,40
nemotron-1b,addressee,5,0.9,6,none,all,recall,0.7584,0.7584,0.7584,40
nemotron-1b,addressee,5,0.9,6,none,answerable,any_hit,0.8321209037228872,0.8266384778012685,0.8353658536585366,40
nemotron-1b,addressee,5,0.9,6,none,answerable,authorized,0.8833306676039443,0.5348837209302325,0.9959839357429718,40
nemotron-1b,addressee,5,0.9,6,none,answerable,context_size,5.0,5.0,5.0,40
nemotron-1b,addressee,5,0.9,6,none,answerable,leaked,0.22121836608679796,0.004016064257028112,0.9825581395348837,40
nemotron-1b,addressee,5,0.9,6,none,answerable,recall,0.7654378183318751,0.7537702607470048,0.7965116279069767,40
nemotron-1b,addressee,5,0.9,6,none,unanswerable,any_hit,0.727699718880673,0.5,0.9259259259259259,40
nemotron-1b,addressee,5,0.9,6,none,unanswerable,authorized,0.2424988733767428,0.0,0.625,40
nemotron-1b,addressee,5,0.9,6,none,unanswerable,context_size,5.0,5.0,5.0,40
nemotron-1b,addressee,5,0.9,6,none,unanswerable,leaked,3.194715178910839,1.875,4.5,40
nemotron-1b,addressee,5,0.9,6,none,unanswerable,recall,0.6325885829889596,0.5,0.8395061728395061,40
nemotron-1b,addressee,5,0.9,6,part,all,authorized,1.0,1.0,1.0,40
nemotron-1b,addressee,5,0.9,6,part,all,context_size,5.0,5.0,5.0,40
nemotron-1b,addressee,5,0.9,6,part,all,leaked,0.0,0.0,0.0,40
nemotron-1b,addressee,5,0.9,6,part,all,recall,0.6727225,0.2955,0.7564,40
nemotron-1b,addressee,5,0.9,6,part,answerable,any_hit,0.837075234841894,0.8266384778012685,0.8604651162790697,40
nemotron-1b,addressee,5,0.9,6,part,answerable,authorized,1.0,1.0,1.0,40
nemotron-1b,addressee,5,0.9,6,part,answerable,context_size,5.0,5.0,5.0,40
nemotron-1b,addressee,5,0.9,6,part,answerable,leaked,0.0,0.0,0.0,40
nemotron-1b,addressee,5,0.9,6,part,answerable,recall,0.7704723880103233,0.7537702607470048,0.8246124031007751,40
nemotron-1b,addressee,5,0.9,6,part,unanswerable,any_hit,0.11284664741443795,0.0,0.25,40
nemotron-1b,addressee,5,0.9,6,part,unanswerable,authorized,1.0,1.0,1.0,40
nemotron-1b,addressee,5,0.9,6,part,unanswerable,context_size,5.0,5.0,5.0,40
nemotron-1b,addressee,5,0.9,6,part,unanswerable,leaked,0.0,0.0,0.0,40
nemotron-1b,addressee,5,0.9,6,part,unanswerable,recall,0.05204115649282435,0.0,0.125,40
nemotron-1b,addressee,5,0.9,6,post,all,authorized,1.0,1.0,1.0,40
nemotron-1b,addressee,5,0.9,6,post,all,context_size,4.4075500000000005,2.066,4.978,40
nemotron-1b,addressee,5,0.9,6,post,all,leaked,0.0,0.0,0.0,40
nemotron-1b,addressee,5,0.9,6,post,all,recall,0.6696725,0.2851666666666666,0.7564,40
nemotron-1b,addressee,5,0.9,6,post,answerable,any_hit,0.8321209037228872,0.8266384778012685,0.8353658536585366,40
nemotron-1b,addressee,5,0.9,6,post,answerable,authorized,1.0,1.0,1.0,40
nemotron-1b,addressee,5,0.9,6,post,answerable,context_size,4.778781633913202,4.017441860465116,4.995983935742972,40
nemotron-1b,addressee,5,0.9,6,post,answerable,leaked,0.0,0.0,0.0,40
nemotron-1b,addressee,5,0.9,6,post,answerable,recall,0.7654378183318751,0.7537702607470048,0.7965116279069767,40
nemotron-1b,addressee,5,0.9,6,post,unanswerable,any_hit,0.1099054709438497,0.0,0.25,40
nemotron-1b,addressee,5,0.9,6,post,unanswerable,authorized,1.0,1.0,1.0,40
nemotron-1b,addressee,5,0.9,6,post,unanswerable,context_size,1.805284821089161,0.5,3.125,40
nemotron-1b,addressee,5,0.9,6,post,unanswerable,leaked,0.0,0.0,0.0,40
nemotron-1b,addressee,5,0.9,6,post,unanswerable,recall,0.05071404028048576,0.0,0.125,40
nemotron-1b,addressee,5,0.9,6,pre,all,authorized,1.0,1.0,1.0,40
nemotron-1b,addressee,5,0.9,6,pre,all,context_size,5.0,5.0,5.0,40
nemotron-1b,addressee,5,0.9,6,pre,all,leaked,0.0,0.0,0.0,40
nemotron-1b,addressee,5,0.9,6,pre,all,recall,0.6727225,0.2955,0.7564,40
nemotron-1b,addressee,5,0.9,6,pre,answerable,any_hit,0.837075234841894,0.8266384778012685,0.8604651162790697,40
nemotron-1b,addressee,5,0.9,6,pre,answerable,authorized,1.0,1.0,1.0,40
nemotron-1b,addressee,5,0.9,6,pre,answerable,context_size,5.0,5.0,5.0,40
nemotron-1b,addressee,5,0.9,6,pre,answerable,leaked,0.0,0.0,0.0,40
nemotron-1b,addressee,5,0.9,6,pre,answerable,recall,0.7704723880103233,0.7537702607470048,0.8246124031007751,40
nemotron-1b,addressee,5,0.9,6,pre,unanswerable,any_hit,0.11284664741443795,0.0,0.25,40
nemotron-1b,addressee,5,0.9,6,pre,unanswerable,authorized,1.0,1.0,1.0,40
nemotron-1b,addressee,5,0.9,6,pre,unanswerable,context_size,5.0,5.0,5.0,40
nemotron-1b,addressee,5,0.9,6,pre,unanswerable,leaked,0.0,0.0,0.0,40
nemotron-1b,addressee,5,0.9,6,pre,unanswerable,recall,0.05204115649282435,0.0,0.125,40
nemotron-8b,compartment,5,0.1,4,_policy,all,answerable_rate,0.0786,0.013800000000000002,0.17484999999999995,40
nemotron-8b,compartment,5,0.1,4,_policy,all,authorized_passages,0.08887373193974793,0.013808407623731941,0.21041730710113735,40
nemotron-8b,compartment,5,0.1,4,_q,answerable,n,1.0,1.0,1.0,40
nemotron-8b,compartment,5,0.1,4,_q,unanswerable,n,1.0,1.0,1.0,40
nemotron-8b,compartment,5,0.1,4,none,all,authorized,0.042,0.00395,0.11849999999999997,40
nemotron-8b,compartment,5,0.1,4,none,all,context_size,5.0,5.0,5.0,40
nemotron-8b,compartment,5,0.1,4,none,all,leaked,4.5713,4.0689,4.9245,40
nemotron-8b,compartment,5,0.1,4,none,all,recall,0.7570666666666666,0.7570666666666666,0.7570666666666666,40
nemotron-8b,compartment,5,0.1,4,none,answerable,any_hit,0.8824877770059745,0.6642857142857143,1.0,40
nemotron-8b,compartment,5,0.1,4,none,answerable,authorized,0.4564377015468123,0.06964285714285715,0.6681249999999999,40
nemotron-8b,compartment,5,0.1,4,none,answerable,context_size,5.0,5.0,5.0,40
nemotron-8b,compartment,5,0.1,4,none,answerable,leaked,1.2984580699965778,0.6871012931034484,2.241666666666666,40
nemotron-8b,compartment,5,0.1,4,none,answerable,recall,0.8283580447859448,0.6529485049833886,1.0,40
nemotron-8b,compartment,5,0.1,4,none,unanswerable,any_hit,0.8248423256669867,0.8155037453183521,0.8381939668646452,40
nemotron-8b,compartment,5,0.1,4,none,unanswerable,authorized,0.003432102610862775,0.0,0.009302212015626626,40
nemotron-8b,compartment,5,0.1,4,none,unanswerable,context_size,5.0,5.0,5.0,40
nemotron-8b,compartment,5,0.1,4,none,unanswerable,leaked,4.8602078802834345,4.734827283372366,4.964697145061729,40
nemotron-8b,compartment,5,0.1,4,none,unanswerable,recall,0.7521140671353025,0.7420433520599251,0.7644226190476189,40
nemotron-8b,compartment,5,0.1,4,part,all,authorized,1.0,1.0,1.0,40
nemotron-8b,compartment,5,0.1,4,part,all,context_size,5.0,5.0,5.0,40
nemotron-8b,compartment,5,0.1,4,part,all,leaked,0.0,0.0,0.0,40
nemotron-8b,compartment,5,0.1,4,part,all,recall,0.06890749999999998,0.008983333333333333,0.14009999999999995,40
nemotron-8b,compartment,5,0.1,4,part,answerable,any_hit,0.9226752945592054,0.7734821428571429,1.0,40
nemotron-8b,compartment,5,0.1,4,part,answerable,authorized,1.0,1.0,1.0,40
nemotron-8b,compartment,5,0.1,4,part,answerable,context_size,5.0,5.0,5.0,40
nemotron-8b,compartment,5,0.1,4,part,answerable,leaked,0.0,0.0,0.0,40
nemotron-8b,compartment,5,0.1,4,part,answerable,recall,0.8696504560861655,0.7270089285714285,1.0,40
nemotron-8b,compartment,5,0.1,4,part,unanswerable,any_hit,0.005390148068643501,0.0,0.014301705756929637,40
nemotron-8b,compartment,5,0.1,4,part,unanswerable,authorized,1.0,1.0,1.0,40
nemotron-8b,compartment,5,0.1,4,part,unanswerable,context_size,5.0,5.0,5.0,40
nemotron-8b,compartment,5,0.1,4,part,unanswerable,leaked,0.0,0.0,0.0,40
nemotron-8b,compartment,5,0.1,4,part,unanswerable,recall,0.0021791109189663637,0.0,0.006222162994551053,40
nemotron-8b,compartment,5,0.1,4,post,all,authorized,1.0,1.0,1.0,40
nemotron-8b,compartment,5,0.1,4,post,all,context_size,0.42869999999999997,0.0755,0.9310999999999998,40
nemotron-8b,compartment,5,0.1,4,post,all,leaked,0.0,0.0,0.0,40
nemotron-8b,compartment,5,0.1,4,post,all,recall,0.06569083333333334,0.007941666666666666,0.13809999999999995,40
nemotron-8b,compartment,5,0.1,4,post,answerable,any_hit,0.8824877770059745,0.6642857142857143,1.0,40
nemotron-8b,compartment,5,0.1,4,post,answerable,authorized,1.0,1.0,1.0,40
nemotron-8b,compartment,5,0.1,4,post,answerable,context_size,3.7015419300034225,2.7583333333333333,4.312898706896552,40
nemotron-8b,compartment,5,0.1,4,post,answerable,leaked,0.0,0.0,0.0,40
nemotron-8b,compartment,5,0.1,4,post,answerable,recall,0.8283580447859448,0.6529485049833886,1.0,40
nemotron-8b,compartment,5,0.1,4,post,unanswerable,any_hit,0.004566939893085933,0.0,0.012830490405117268,40
nemotron-8b,compartment,5,0.1,4,post,unanswerable,authorized,1.0,1.0,1.0,40
nemotron-8b,compartment,5,0.1,4,post,unanswerable,context_size,0.13979211971656585,0.03530285493827161,0.26517271662763464,40
nemotron-8b,compartment,5,0.1,4,post,unanswerable,leaked,0.0,0.0,0.0,40
nemotron-8b,compartment,5,0.1,4,post,unanswerable,recall,0.0018302441472492215,0.0,0.005529199241885808,40
nemotron-8b,compartment,5,0.1,4,pre,all,authorized,1.0,1.0,1.0,40
nemotron-8b,compartment,5,0.1,4,pre,all,context_size,5.0,5.0,5.0,40
nemotron-8b,compartment,5,0.1,4,pre,all,leaked,0.0,0.0,0.0,40
nemotron-8b,compartment,5,0.1,4,pre,all,recall,0.06890749999999998,0.008983333333333333,0.14009999999999995,40
nemotron-8b,compartment,5,0.1,4,pre,answerable,any_hit,0.9226752945592054,0.7734821428571429,1.0,40
nemotron-8b,compartment,5,0.1,4,pre,answerable,authorized,1.0,1.0,1.0,40
nemotron-8b,compartment,5,0.1,4,pre,answerable,context_size,5.0,5.0,5.0,40
nemotron-8b,compartment,5,0.1,4,pre,answerable,leaked,0.0,0.0,0.0,40
nemotron-8b,compartment,5,0.1,4,pre,answerable,recall,0.8696504560861655,0.7270089285714285,1.0,40
nemotron-8b,compartment,5,0.1,4,pre,unanswerable,any_hit,0.005390148068643501,0.0,0.014301705756929637,40
nemotron-8b,compartment,5,0.1,4,pre,unanswerable,authorized,1.0,1.0,1.0,40
nemotron-8b,compartment,5,0.1,4,pre,unanswerable,context_size,5.0,5.0,5.0,40
nemotron-8b,compartment,5,0.1,4,pre,unanswerable,leaked,0.0,0.0,0.0,40
nemotron-8b,compartment,5,0.1,4,pre,unanswerable,recall,0.0021791109189663637,0.0,0.006222162994551053,40
nemotron-8b,compartment,5,0.25,10,_policy,all,answerable_rate,0.21885000000000004,0.1032,0.37444999999999995,40
nemotron-8b,compartment,5,0.25,10,_policy,all,authorized_passages,0.23293690439594217,0.11446357208730402,0.44249538887181056,40
nemotron-8b,compartment,5,0.25,10,_q,answerable,n,1.0,1.0,1.0,40
nemotron-8b,compartment,5,0.25,10,_q,unanswerable,n,1.0,1.0,1.0,40
nemotron-8b,compartment,5,0.25,10,none,all,authorized,0.13325,0.04555,0.25075,40
nemotron-8b,compartment,5,0.25,10,none,all,context_size,5.0,5.0,5.0,40
nemotron-8b,compartment,5,0.25,10,none,all,leaked,3.8131500000000003,3.0342,4.3796,40
nemotron-8b,compartment,5,0.25,10,none,all,recall,0.7570666666666666,0.7570666666666666,0.7570666666666666,40
nemotron-8b,compartment,5,0.25,10,none,answerable,any_hit,0.8408664824420921,0.7682446172248804,0.9174342105263157,40
nemotron-8b,compartment,5,0.25,10,none,answerable,authorized,0.5353694306728871,0.36428571428571427,0.6891861447479583,40
nemotron-8b,compartment,5,0.25,10,none,answerable,context_size,5.0,5.0,5.0,40
nemotron-8b,compartment,5,0.25,10,none,answerable,leaked,0.9921336322715198,0.6501778327111291,1.3119047619047617,40
nemotron-8b,compartment,5,0.25,10,none,answerable,recall,0.7868140433355677,0.706102970494418,0.862609649122807,40
nemotron-8b,compartment,5,0.25,10,none,unanswerable,any_hit,0.8269868224124854,0.807857996390772,0.8487116798446386,40
nemotron-8b,compartment,5,0.25,10,none,unanswerable,authorized,0.01576141504768529,0.002329160681305151,0.03948992852501624,40
nemotron-8b,compartment,5,0.25,10,none,unanswerable,context_size,5.0,5.0,5.0,40
nemotron-8b,compartment,5,0.25,10,none,unanswerable,leaked,4.6057578137009845,4.356874207355738,4.796971966672004,40
nemotron-8b,compartment,5,0.25,10,none,unanswerable,recall,0.7504743788446164,0.7329129419709487,0.7724104938271604,40
nemotron-8b,compartment,5,0.25,10,part,all,authorized,1.0,1.0,1.0,40
nemotron-8b,compartment,5,0.25,10,part,all,context_size,5.0,5.0,5.0,40
nemotron-8b,compartment,5,0.25,10,part,all,leaked,0.0,0.0,0.0,40
nemotron-8b,compartment,5,0.25,10,part,all,recall,0.18315083333333332,0.08127499999999999,0.30944416666666663,40
nemotron-8b,compartment,5,0.25,10,part,answerable,any_hit,0.873138239724988,0.8192708333333333,0.9526942355889724,40
nemotron-8b,compartment,5,0.25,10,part,answerable,authorized,1.0,1.0,1.0,40
nemotron-8b,compartment,5,0.25,10,part,answerable,context_size,5.0,5.0,5.0,40
nemotron-8b,compartment,5,0.25,10,part,answerable,leaked,0.0,0.0,0.0,40
nemotron-8b,compartment,5,0.25,10,part,answerable,recall,0.8196815744984185,0.7545068281499202,0.8808216831140349,40
nemotron-8b,compartment,5,0.25,10,part,unanswerable,any_hit,0.016211794739990924,0.006645567973692973,0.030480746212509832,40
nemotron-8b,compartment,5,0.25,10,part,unanswerable,authorized,1.0,1.0,1.0,40
nemotron-8b,compartment,5,0.25,10,part,unanswerable,context_size,5.0,5.0,5.0,40
nemotron-8b,compartment,5,0.25,10,part,unanswerable,leaked,0.0,0.0,0.0,40
nemotron-8b,compartment,5,0.25,10,part,unanswerable,recall,0.006772926089556488,0.0027927429713144,0.011943974214288156,40
nemotron-8b,compartment,5,0.25,10,post,all,authorized,1.0,1.0,1.0,40
nemotron-8b,compartment,5,0.25,10,post,all,context_size,1.1868500000000002,0.6204,1.9657999999999998,40
nemotron-8b,compartment,5,0.25,10,post,all,leaked,0.0,0.0,0.0,40
nemotron-8b,compartment,5,0.25,10,post,all,recall,0.1756841666666667,0.07830833333333333,0.30076916666666664,40
nemotron-8b,compartment,5,0.25,10,post,answerable,any_hit,0.8408664824420921,0.7682446172248804,0.9174342105263157,40
nemotron-8b,compartment,5,0.25,10,post,answerable,authorized,1.0,1.0,1.0,40
nemotron-8b,compartment,5,0.25,10,post,answerable,context_size,4.0078663677284805,3.6880952380952383,4.349822167288871,40
nemotron-8b,compartment,5,0.25,10,post,answerable,leaked,0.0,0.0,0.0,40
nemotron-8b,compartment,5,0.25,10,post,answerable,recall,0.7868140433355677,0.706102970494418,0.862609649122807,40
nemotron-8b,compartment,5,0.25,10,post,unanswerable,any_hit,0.01506549347093016,0.006420429426894944,0.025614572239971597,40
nemotron-8b,compartment,5,0.25,10,post,unanswerable,authorized,1.0,1.0,1.0,40
nemotron-8b,compartment,5,0.25,10,post,unanswerable,context_size,0.3942421862990164,0.20302803332799563,0.6431257926442612,40
nemotron-8b,compartment,5,0.25,10,post,unanswerable,leaked,0.0,0.0,0.0,40
nemotron-8b,compartment,5,0.25,10,post,unanswerable,recall,0.00630183818420265,0.002480646149827184,0.010404069538121721,40
nemotron-8b,compartment,5,0.25,10,pre,all,authorized,1.0,1.0,1.0,40
nemotron-8b,compartment,5,0.25,10,pre,all,context_size,5.0,5.0,5.0,40
nemotron-8b,compartment,5,0.25,10,pre,all,leaked,0.0,0.0,0.0,40
nemotron-8b,compartment,5,0.25,10,pre,all,recall,0.18315083333333332,0.08127499999999999,0.30944416666666663,40
nemotron-8b,compartment,5,0.25,10,pre,answerable,any_hit,0.873138239724988,0.8192708333333333,0.9526942355889724,40
nemotron-8b,compartment,5,0.25,10,pre,answerable,authorized,1.0,1.0,1.0,40
nemotron-8b,compartment,5,0.25,10,pre,answerable,context_size,5.0,5.0,5.0,40
nemotron-8b,compartment,5,0.25,10,pre,answerable,leaked,0.0,0.0,0.0,40
nemotron-8b,compartment,5,0.25,10,pre,answerable,recall,0.8196815744984185,0.7545068281499202,0.8808216831140349,40
nemotron-8b,compartment,5,0.25,10,pre,unanswerable,any_hit,0.016211794739990924,0.006645567973692973,0.030480746212509832,40
nemotron-8b,compartment,5,0.25,10,pre,unanswerable,authorized,1.0,1.0,1.0,40
nemotron-8b,compartment,5,0.25,10,pre,unanswerable,context_size,5.0,5.0,5.0,40
nemotron-8b,compartment,5,0.25,10,pre,unanswerable,leaked,0.0,0.0,0.0,40
nemotron-8b,compartment,5,0.25,10,pre,unanswerable,recall,0.006772926089556488,0.0027927429713144,0.011943974214288156,40
nemotron-8b,compartment,5,0.5,20,_policy,all,answerable_rate,0.45010000000000006,0.26180000000000003,0.64735,40
nemotron-8b,compartment,5,0.5,20,_policy,all,authorized_passages,0.490068782662158,0.28685828466031355,0.6675299723332309,40
nemotron-8b,compartment,5,0.5,20,_q,answerable,n,1.0,1.0,1.0,40
nemotron-8b,compartment,5,0.5,20,_q,unanswerable,n,1.0,1.0,1.0,40
nemotron-8b,compartment,5,0.5,20,none,all,authorized,0.3215,0.15845,0.5036499999999999,40
nemotron-8b,compartment,5,0.5,20,none,all,context_size,5.0,5.0,5.0,40
nemotron-8b,compartment,5,0.5,20,none,all,leaked,2.6351500000000003,1.7221,3.6748499999999997,40
nemotron-8b,compartment,5,0.5,20,none,all,recall,0.7570666666666666,0.7570666666666666,0.7570666666666666,40
nemotron-8b,compartment,5,0.5,20,none,answerable,any_hit,0.8382225178195085,0.8086982124079916,0.8950514705882353,40
nemotron-8b,compartment,5,0.5,20,none,answerable,authorized,0.6595288150646621,0.5367824675324675,0.7803255931347804,40
nemotron-8b,compartment,5,0.5,20,none,answerable,context_size,5.0,5.0,5.0,40
nemotron-8b,compartment,5,0.5,20,none,answerable,leaked,0.682920221756613,0.3837455830388693,0.993399064171123,40
nemotron-8b,compartment,5,0.5,20,none,answerable,recall,0.7816166406700332,0.7473802138100245,0.8390281862745098,40
nemotron-8b,compartment,5,0.5,20,none,unanswerable,any_hit,0.8245953863212019,0.7900889513108614,0.8668579234972678,40
nemotron-8b,compartment,5,0.5,20,none,unanswerable,authorized,0.036888461923550844,0.008130408400168848,0.08337557603686634,40
nemotron-8b,compartment,5,0.5,20,none,unanswerable,context_size,5.0,5.0,5.0,40
nemotron-8b,compartment,5,0.5,20,none,unanswerable,leaked,4.225443636596855,3.8175606060606064,4.567887434123847,40
nemotron-8b,compartment,5,0.5,20,none,unanswerable,recall,0.7397427829885148,0.7025036985018728,0.7654603584410583,40
nemotron-8b,compartment,5,0.5,20,part,all,authorized,1.0,1.0,1.0,40
nemotron-8b,compartment,5,0.5,20,part,all,context_size,5.0,5.0,5.0,40
nemotron-8b,compartment,5,0.5,20,part,all,leaked,0.0,0.0,0.0,40
nemotron-8b,compartment,5,0.5,20,part,all,recall,0.3666908333333333,0.21502916666666666,0.5204875,40
nemotron-8b,compartment,5,0.5,20,part,answerable,any_hit,0.8600899384086166,0.8274898602974312,0.9203455882352941,40
nemotron-8b,compartment,5,0.5,20,part,answerable,authorized,1.0,1.0,1.0,40
nemotron-8b,compartment,5,0.5,20,part,answerable,context_size,5.0,5.0,5.0,40
nemotron-8b,compartment,5,0.5,20,part,answerable,leaked,0.0,0.0,0.0,40
nemotron-8b,compartment,5,0.5,20,part,answerable,recall,0.803190764612058,0.7665924966200991,0.8617928921568627,40
nemotron-8b,compartment,5,0.5,20,part,unanswerable,any_hit,0.031555600098622696,0.011067314097129709,0.06214824426242803,40
nemotron-8b,compartment,5,0.5,20,part,unanswerable,authorized,1.0,1.0,1.0,40
nemotron-8b,compartment,5,0.5,20,part,unanswerable,context_size,5.0,5.0,5.0,40
nemotron-8b,compartment,5,0.5,20,part,unanswerable,leaked,0.0,0.0,0.0,40
nemotron-8b,compartment,5,0.5,20,part,unanswerable,recall,0.013120785403609624,0.0042379414183924755,0.02655769334739004,40
nemotron-8b,compartment,5,0.5,20,post,all,authorized,1.0,1.0,1.0,40
nemotron-8b,compartment,5,0.5,20,post,all,context_size,2.3648499999999997,1.32515,3.2778999999999994,40
nemotron-8b,compartment,5,0.5,20,post,all,leaked,0.0,0.0,0.0,40
nemotron-8b,compartment,5,0.5,20,post,all,recall,0.3568658333333333,0.2099875,0.5084875,40
nemotron-8b,compartment,5,0.5,20,post,answerable,any_hit,0.8382225178195085,0.8086982124079916,0.8950514705882353,40
nemotron-8b,compartment,5,0.5,20,post,answerable,authorized,1.0,1.0,1.0,40
nemotron-8b,compartment,5,0.5,20,post,answerable,context_size,4.317079778243387,4.006600935828877,4.61625441696113,40
nemotron-8b,compartment,5,0.5,20,post,answerable,leaked,0.0,0.0,0.0,40
nemotron-8b,compartment,5,0.5,20,post,answerable,recall,0.7816166406700332,0.7473802138100245,0.8390281862745098,40
nemotron-8b,compartment,5,0.5,20,post,unanswerable,any_hit,0.030316773861819968,0.008283501877195109,0.06005367231638418,40
nemotron-8b,compartment,5,0.5,20,post,unanswerable,authorized,1.0,1.0,1.0,40
nemotron-8b,compartment,5,0.5,20,post,unanswerable,context_size,0.7745563634031457,0.4321125658761529,1.182439393939394,40
nemotron-8b,compartment,5,0.5,20,post,unanswerable,leaked,0.0,0.0,0.0,40
nemotron-8b,compartment,5,0.5,20,post,unanswerable,recall,0.012545860537961053,0.0032986815479794924,0.024377956640445484,40
nemotron-8b,compartment,5,0.5,20,pre,all,authorized,1.0,1.0,1.0,40
nemotron-8b,compartment,5,0.5,20,pre,all,context_size,5.0,5.0,5.0,40
nemotron-8b,compartment,5,0.5,20,pre,all,leaked,0.0,0.0,0.0,40
nemotron-8b,compartment,5,0.5,20,pre,all,recall,0.3666908333333333,0.21502916666666666,0.5204875,40
nemotron-8b,compartment,5,0.5,20,pre,answerable,any_hit,0.8600899384086166,0.8274898602974312,0.9203455882352941,40
nemotron-8b,compartment,5,0.5,20,pre,answerable,authorized,1.0,1.0,1.0,40
nemotron-8b,compartment,5,0.5,20,pre,answerable,context_size,5.0,5.0,5.0,40
nemotron-8b,compartment,5,0.5,20,pre,answerable,leaked,0.0,0.0,0.0,40
nemotron-8b,compartment,5,0.5,20,pre,answerable,recall,0.803190764612058,0.7665924966200991,0.8617928921568627,40
nemotron-8b,compartment,5,0.5,20,pre,unanswerable,any_hit,0.031555600098622696,0.011067314097129709,0.06214824426242803,40
nemotron-8b,compartment,5,0.5,20,pre,unanswerable,authorized,1.0,1.0,1.0,40
nemotron-8b,compartment,5,0.5,20,pre,unanswerable,context_size,5.0,5.0,5.0,40
nemotron-8b,compartment,5,0.5,20,pre,unanswerable,leaked,0.0,0.0,0.0,40
nemotron-8b,compartment,5,0.5,20,pre,unanswerable,recall,0.013120785403609624,0.0042379414183924755,0.02655769334739004,40
nemotron-8b,compartment,5,0.75,30,_policy,all,answerable_rate,0.7398,0.5813499999999999,0.89205,40
nemotron-8b,compartment,5,0.75,30,_policy,all,authorized_passages,0.7507051183522903,0.566909391331079,0.9069839379034736,40
nemotron-8b,compartment,5,0.75,30,_q,answerable,n,1.0,1.0,1.0,40
nemotron-8b,compartment,5,0.75,30,_q,unanswerable,n,1.0,1.0,1.0,40
nemotron-8b,compartment,5,0.75,30,none,all,authorized,0.6184000000000001,0.44885,0.80685,40
nemotron-8b,compartment,5,0.75,30,none,all,context_size,5.0,5.0,5.0,40
nemotron-8b,compartment,5,0.75,30,none,all,leaked,1.2495999999999998,0.53515,1.9295499999999997,40
nemotron-8b,compartment,5,0.75,30,none,all,recall,0.7570666666666666,0.7570666666666666,0.7570666666666666,40
nemotron-8b,compartment,5,0.75,30,none,answerable,any_hit,0.8286752113129163,0.8073728790206466,0.8491743517937328,40
nemotron-8b,compartment,5,0.75,30,none,answerable,authorized,0.8102322028633673,0.7077983921587563,0.8956894995034158,40
nemotron-8b,compartment,5,0.75,30,none,answerable,context_size,5.0,5.0,5.0,40
nemotron-8b,compartment,5,0.75,30,none,answerable,leaked,0.33794916517540574,0.16661750985644205,0.5266476751484717,40
nemotron-8b,compartment,5,0.75,30,none,answerable,recall,0.763934695977779,0.7419569996454244,0.7939676768632293,40
nemotron-8b,compartment,5,0.75,30,none,unanswerable,any_hit,0.8330775980321938,0.762516616816218,0.9074195906432749,40
nemotron-8b,compartment,5,0.75,30,none,unanswerable,authorized,0.06666859841583228,0.028720238095238097,0.13266253869969039,40
nemotron-8b,compartment,5,0.75,30,none,unanswerable,context_size,5.0,5.0,5.0,40
nemotron-8b,compartment,5,0.75,30,none,unanswerable,leaked,3.8191694910671203,3.320046439628483,4.21580259222333,40
nemotron-8b,compartment,5,0.75,30,none,unanswerable,recall,0.741083894782297,0.6738722426470587,0.8194152046783626,40
nemotron-8b,compartment,5,0.75,30,part,all,authorized,1.0,1.0,1.0,40
nemotron-8b,compartment,5,0.75,30,part,all,context_size,5.0,5.0,5.0,40
nemotron-8b,compartment,5,0.75,30,part,all,leaked,0.0,0.0,0.0,40
nemotron-8b,compartment,5,0.75,30,part,all,recall,0.5780825,0.46984333333333334,0.6819833333333333,40
nemotron-8b,compartment,5,0.75,30,part,answerable,any_hit,0.8397095368207325,0.8198410856461334,0.8624384385109363,40
nemotron-8b,compartment,5,0.75,30,part,answerable,authorized,1.0,1.0,1.0,40
nemotron-8b,compartment,5,0.75,30,part,answerable,context_size,5.0,5.0,5.0,40
nemotron-8b,compartment,5,0.75,30,part,answerable,leaked,0.0,0.0,0.0,40
nemotron-8b,compartment,5,0.75,30,part,answerable,recall,0.7745238290185399,0.7510473304752389,0.8041776822403229,40
nemotron-8b,compartment,5,0.75,30,part,unanswerable,any_hit,0.05637708264544139,0.02279840848806366,0.11129385964912279,40
nemotron-8b,compartment,5,0.75,30,part,unanswerable,authorized,1.0,1.0,1.0,40
nemotron-8b,compartment,5,0.75,30,part,unanswerable,context_size,5.0,5.0,5.0,40
nemotron-8b,compartment,5,0.75,30,part,unanswerable,leaked,0.0,0.0,0.0,40
nemotron-8b,compartment,5,0.75,30,part,unanswerable,recall,0.02383688831802127,0.00946711134211134,0.04874025341130604,40
nemotron-8b,compartment,5,0.75,30,post,all,authorized,1.0,1.0,1.0,40
nemotron-8b,compartment,5,0.75,30,post,all,context_size,3.7504,3.0704499999999997,4.46485,40
nemotron-8b,compartment,5,0.75,30,post,all,leaked,0.0,0.0,0.0,40
nemotron-8b,compartment,5,0.75,30,post,all,recall,0.5701075,0.4618683333333334,0.6769333333333333,40
nemotron-8b,compartment,5,0.75,30,post,answerable,any_hit,0.8286752113129163,0.8073728790206466,0.8491743517937328,40
nemotron-8b,compartment,5,0.75,30,post,answerable,authorized,1.0,1.0,1.0,40
nemotron-8b,compartment,5,0.75,30,post,answerable,context_size,4.662050834824595,4.473352324851528,4.833382490143558,40
nemotron-8b,compartment,5,0.75,30,post,answerable,leaked,0.0,0.0,0.0,40
nemotron-8b,compartment,5,0.75,30,post,answerable,recall,0.763934695977779,0.7419569996454244,0.7939676768632293,40
nemotron-8b,compartment,5,0.75,30,post,unanswerable,any_hit,0.053758220404838554,0.02279840848806366,0.11129385964912279,40
nemotron-8b,compartment,5,0.75,30,post,unanswerable,authorized,1.0,1.0,1.0,40
nemotron-8b,compartment,5,0.75,30,post,unanswerable,context_size,1.1808305089328797,0.78419740777667,1.6799535603715168,40
nemotron-8b,compartment,5,0.75,30,post,unanswerable,leaked,0.0,0.0,0.0,40
nemotron-8b,compartment,5,0.75,30,post,unanswerable,recall,0.022527457197719848,0.00946711134211134,0.04874025341130604,40
nemotron-8b,compartment,5,0.75,30,pre,all,authorized,1.0,1.0,1.0,40
nemotron-8b,compartment,5,0.75,30,pre,all,context_size,5.0,5.0,5.0,40
nemotron-8b,compartment,5,0.75,30,pre,all,leaked,0.0,0.0,0.0,40
nemotron-8b,compartment,5,0.75,30,pre,all,recall,0.5780825,0.46984333333333334,0.6819833333333333,40
nemotron-8b,compartment,5,0.75,30,pre,answerable,any_hit,0.8397095368207325,0.8198410856461334,0.8624384385109363,40
nemotron-8b,compartment,5,0.75,30,pre,answerable,authorized,1.0,1.0,1.0,40
nemotron-8b,compartment,5,0.75,30,pre,answerable,context_size,5.0,5.0,5.0,40
nemotron-8b,compartment,5,0.75,30,pre,answerable,leaked,0.0,0.0,0.0,40
nemotron-8b,compartment,5,0.75,30,pre,answerable,recall,0.7745238290185399,0.7510473304752389,0.8041776822403229,40
nemotron-8b,compartment,5,0.75,30,pre,unanswerable,any_hit,0.05637708264544139,0.02279840848806366,0.11129385964912279,40
nemotron-8b,compartment,5,0.75,30,pre,unanswerable,authorized,1.0,1.0,1.0,40
nemotron-8b,compartment,5,0.75,30,pre,unanswerable,context_size,5.0,5.0,5.0,40
nemotron-8b,compartment,5,0.75,30,pre,unanswerable,leaked,0.0,0.0,0.0,40
nemotron-8b,compartment,5,0.75,30,pre,unanswerable,recall,0.02383688831802127,0.00946711134211134,0.04874025341130604,40
nemotron-8b,compartment,5,0.9,36,_policy,all,answerable_rate,0.8848499999999999,0.7977500000000001,0.9724499999999999,40
nemotron-8b,compartment,5,0.9,36,_policy,all,authorized_passages,0.8972410083000307,0.753975176759914,0.9809675683984014,40
nemotron-8b,compartment,5,0.9,36,_q,answerable,n,1.0,1.0,1.0,40
nemotron-8b,compartment,5,0.9,36,_q,unanswerable,n,1.0,1.0,1.0,40
nemotron-8b,compartment,5,0.9,36,none,all,authorized,0.8235999999999999,0.71395,0.948,40
nemotron-8b,compartment,5,0.9,36,none,all,context_size,5.0,5.0,5.0,40
nemotron-8b,compartment,5,0.9,36,none,all,leaked,0.54335,0.15055,0.9844499999999999,40
nemotron-8b,compartment,5,0.9,36,none,all,recall,0.7570666666666666,0.7570666666666666,0.7570666666666666,40
nemotron-8b,compartment,5,0.9,36,none,answerable,any_hit,0.829190798342904,0.8179457387735394,0.8441849490704466,40
nemotron-8b,compartment,5,0.9,36,none,answerable,authorized,0.9181147236882167,0.8636152164486521,0.9712732919254659,40
nemotron-8b,compartment,5,0.9,36,none,answerable,context_size,5.0,5.0,5.0,40
nemotron-8b,compartment,5,0.9,36,none,answerable,leaked,0.1380512512286436,0.0417604203289191,0.2449212146824438,40
nemotron-8b,compartment,5,0.9,36,none,answerable,recall,0.7618837759447886,0.7455690936983714,0.7771554093358976,40
nemotron-8b,compartment,5,0.9,36,none,unanswerable,any_hit,0.8345567614894387,0.7049019607843138,0.9663793103448276,40
nemotron-8b,compartment,5,0.9,36,none,unanswerable,authorized,0.09311466069623509,0.0,0.22514423076923076,40
nemotron-8b,compartment,5,0.9,36,none,unanswerable,context_size,5.0,5.0,5.0,40
nemotron-8b,compartment,5,0.9,36,none,unanswerable,leaked,3.5693784073795385,2.651734693877551,4.145669737774628,40
nemotron-8b,compartment,5,0.9,36,none,unanswerable,recall,0.7302326015204054,0.5581944444444444,0.8698498964803312,40
nemotron-8b,compartment,5,0.9,36,part,all,authorized,1.0,1.0,1.0,40
nemotron-8b,compartment,5,0.9,36,part,all,context_size,5.0,5.0,5.0,40
nemotron-8b,compartment,5,0.9,36,part,all,leaked,0.0,0.0,0.0,40
nemotron-8b,compartment,5,0.9,36,part,all,recall,0.6800058333333333,0.6196625,0.7408791666666665,40
nemotron-8b,compartment,5,0.9,36,part,answerable,any_hit,0.8329869707589648,0.8210777804603251,0.8465849597549683,40
nemotron-8b,compartment,5,0.9,36,part,answerable,authorized,1.0,1.0,1.0,40
nemotron-8b,compartment,5,0.9,36,part,answerable,context_size,5.0,5.0,5.0,40
nemotron-8b,compartment,5,0.9,36,part,answerable,leaked,0.0,0.0,0.0,40
nemotron-8b,compartment,5,0.9,36,part,answerable,recall,0.7655999078870119,0.7489340540374136,0.7795554200204192,40
nemotron-8b,compartment,5,0.9,36,part,unanswerable,any_hit,0.06642653879971347,0.0,0.1268749999999999,40
nemotron-8b,compartment,5,0.9,36,part,unanswerable,authorized,1.0,1.0,1.0,40
nemotron-8b,compartment,5,0.9,36,part,unanswerable,context_size,5.0,5.0,5.0,40
nemotron-8b,compartment,5,0.9,36,part,unanswerable,leaked,0.0,0.0,0.0,40
nemotron-8b,compartment,5,0.9,36,part,unanswerable,recall,0.0265086251133023,0.0,0.055291666666666656,40
nemotron-8b,compartment,5,0.9,36,post,all,authorized,1.0,1.0,1.0,40
nemotron-8b,compartment,5,0.9,36,post,all,context_size,4.456650000000001,4.01555,4.84945,40
nemotron-8b,compartment,5,0.9,36,post,all,leaked,0.0,0.0,0.0,40
nemotron-8b,compartment,5,0.9,36,post,all,recall,0.6767058333333333,0.6167750000000001,0.7388291666666665,40
nemotron-8b,compartment,5,0.9,36,post,answerable,any_hit,0.829190798342904,0.8179457387735394,0.8441849490704466,40
nemotron-8b,compartment,5,0.9,36,post,answerable,authorized,1.0,1.0,1.0,40
nemotron-8b,compartment,5,0.9,36,post,answerable,context_size,4.861948748771356,4.755078785317556,4.958239579671081,40
nemotron-8b,compartment,5,0.9,36,post,answerable,leaked,0.0,0.0,0.0,40
nemotron-8b,compartment,5,0.9,36,post,answerable,recall,0.7618837759447886,0.7455690936983714,0.7771554093358976,40
nemotron-8b,compartment,5,0.9,36,post,unanswerable,any_hit,0.06470001661189098,0.0,0.1268749999999999,40
nemotron-8b,compartment,5,0.9,36,post,unanswerable,authorized,1.0,1.0,1.0,40
nemotron-8b,compartment,5,0.9,36,post,unanswerable,context_size,1.430621592620462,0.854330262225372,2.348265306122449,40
nemotron-8b,compartment,5,0.9,36,post,unanswerable,leaked,0.0,0.0,0.0,40
nemotron-8b,compartment,5,0.9,36,post,unanswerable,recall,0.025645364019391048,0.0,0.055291666666666656,40
nemotron-8b,compartment,5,0.9,36,pre,all,authorized,1.0,1.0,1.0,40
nemotron-8b,compartment,5,0.9,36,pre,all,context_size,5.0,5.0,5.0,40
nemotron-8b,compartment,5,0.9,36,pre,all,leaked,0.0,0.0,0.0,40
nemotron-8b,compartment,5,0.9,36,pre,all,recall,0.6800058333333333,0.6196625,0.7408791666666665,40
nemotron-8b,compartment,5,0.9,36,pre,answerable,any_hit,0.8329869707589648,0.8210777804603251,0.8465849597549683,40
nemotron-8b,compartment,5,0.9,36,pre,answerable,authorized,1.0,1.0,1.0,40
nemotron-8b,compartment,5,0.9,36,pre,answerable,context_size,5.0,5.0,5.0,40
nemotron-8b,compartment,5,0.9,36,pre,answerable,leaked,0.0,0.0,0.0,40
nemotron-8b,compartment,5,0.9,36,pre,answerable,recall,0.7655999078870119,0.7489340540374136,0.7795554200204192,40
nemotron-8b,compartment,5,0.9,36,pre,unanswerable,any_hit,0.06642653879971347,0.0,0.1268749999999999,40
nemotron-8b,compartment,5,0.9,36,pre,unanswerable,authorized,1.0,1.0,1.0,40
nemotron-8b,compartment,5,0.9,36,pre,unanswerable,context_size,5.0,5.0,5.0,40
nemotron-8b,compartment,5,0.9,36,pre,unanswerable,leaked,0.0,0.0,0.0,40
nemotron-8b,compartment,5,0.9,36,pre,unanswerable,recall,0.0265086251133023,0.0,0.055291666666666656,40
nemotron-8b,addressee,5,0.1,1,_policy,all,answerable_rate,0.10194999999999999,0.004,0.604,40
nemotron-8b,addressee,5,0.1,1,_policy,all,authorized_passages,0.11110897632954195,0.006762988011066708,0.6558561328004918,40
nemotron-8b,addressee,5,0.1,1,_q,answerable,n,1.0,1.0,1.0,40
nemotron-8b,addressee,5,0.1,1,_q,unanswerable,n,1.0,1.0,1.0,40
nemotron-8b,addressee,5,0.1,1,none,all,authorized,0.05735,0.004,0.354,40
nemotron-8b,addressee,5,0.1,1,none,all,context_size,5.0,5.0,5.0,40
nemotron-8b,addressee,5,0.1,1,none,all,leaked,4.45015,2.038,4.974,40
nemotron-8b,addressee,5,0.1,1,none,all,recall,0.7570666666666666,0.7570666666666666,0.7570666666666666,40
nemotron-8b,addressee,5,0.1,1,none,answerable,any_hit,0.7340334252810496,0.5,0.9130434782608695,40
nemotron-8b,addressee,5,0.1,1,none,answerable,authorized,0.563143680753113,0.3333333333333333,1.0,40
nemotron-8b,addressee,5,0.1,1,none,answerable,context_size,5.0,5.0,5.0,40
nemotron-8b,addressee,5,0.1,1,none,answerable,leaked,1.2733715716263387,0.0,2.6666666666666665,40
nemotron-8b,addressee,5,0.1,1,none,answerable,recall,0.7206614037066658,0.5,0.9130434782608695,40
nemotron-8b,addressee,5,0.1,1,none,unanswerable,any_hit,0.8277077204245131,0.8181818181818182,0.8337468982630273,40
nemotron-8b,addressee,5,0.1,1,none,unanswerable,authorized,0.008731238021408442,0.0,0.050505050505050504,40
nemotron-8b,addressee,5,0.1,1,none,unanswerable,context_size,5.0,5.0,5.0,40
nemotron-8b,addressee,5,0.1,1,none,unanswerable,leaked,4.767895126149308,3.8636363636363638,4.995951417004049,40
nemotron-8b,addressee,5,0.1,1,none,unanswerable,recall,0.7522814250872749,0.7274410774410774,0.7601889338731443,40
nemotron-8b,addressee,5,0.1,1,part,all,authorized,1.0,1.0,1.0,40
nemotron-8b,addressee,5,0.1,1,part,all,context_size,5.0,5.0,5.0,40
nemotron-8b,addressee,5,0.1,1,part,all,leaked,0.0,0.0,0.0,40
nemotron-8b,addressee,5,0.1,1,part,all,recall,0.08620666666666667,0.002,0.48823333333333335,40
nemotron-8b,addressee,5,0.1,1,part,answerable,any_hit,0.7827320630477199,0.5,0.95,40
nemotron-8b,addressee,5,0.1,1,part,answerable,authorized,1.0,1.0,1.0,40
nemotron-8b,addressee,5,0.1,1,part,answerable,context_size,5.0,5.0,5.0,40
nemotron-8b,addressee,5,0.1,1,part,answerable,leaked,0.0,0.0,0.0,40
nemotron-8b,addressee,5,0.1,1,part,answerable,recall,0.7722099424769546,0.5,0.925,40
nemotron-8b,addressee,5,0.1,1,part,unanswerable,any_hit,0.010868677249255141,0.0,0.05555555555555555,40
nemotron-8b,addressee,5,0.1,1,part,unanswerable,authorized,1.0,1.0,1.0,40
nemotron-8b,addressee,5,0.1,1,part,unanswerable,context_size,5.0,5.0,5.0,40
nemotron-8b,addressee,5,0.1,1,part,unanswerable,leaked,0.0,0.0,0.0,40
nemotron-8b,addressee,5,0.1,1,part,unanswerable,recall,0.004356469288047034,0.0,0.020791245791245788,40
nemotron-8b,addressee,5,0.1,1,post,all,authorized,1.0,1.0,1.0,40
nemotron-8b,addressee,5,0.1,1,post,all,context_size,0.54985,0.026,2.962,40
nemotron-8b,addressee,5,0.1,1,post,all,leaked,0.0,0.0,0.0,40
nemotron-8b,addressee,5,0.1,1,post,all,recall,0.08249,0.002,0.47723333333333334,40
nemotron-8b,addressee,5,0.1,1,post,answerable,any_hit,0.7340334252810496,0.5,0.9130434782608695,40
nemotron-8b,addressee,5,0.1,1,post,answerable,authorized,1.0,1.0,1.0,40
nemotron-8b,addressee,5,0.1,1,post,answerable,context_size,3.726628428373661,2.3333333333333335,5.0,40
nemotron-8b,addressee,5,0.1,1,post,answerable,leaked,0.0,0.0,0.0,40
nemotron-8b,addressee,5,0.1,1,post,answerable,recall,0.7206614037066658,0.5,0.9130434782608695,40
nemotron-8b,addressee,5,0.1,1,post,unanswerable,any_hit,0.010148366857892116,0.0,0.05555555555555555,40
nemotron-8b,addressee,5,0.1,1,post,unanswerable,authorized,1.0,1.0,1.0,40
nemotron-8b,addressee,5,0.1,1,post,unanswerable,context_size,0.23210487385069162,0.004048582995951417,1.1363636363636365,40
nemotron-8b,addressee,5,0.1,1,post,unanswerable,leaked,0.0,0.0,0.0,40
nemotron-8b,addressee,5,0.1,1,post,unanswerable,recall,0.004031036314587745,0.0,0.020791245791245788,40
nemotron-8b,addressee,5,0.1,1,pre,all,authorized,1.0,1.0,1.0,40
nemotron-8b,addressee,5,0.1,1,pre,all,context_size,5.0,5.0,5.0,40
nemotron-8b,addressee,5,0.1,1,pre,all,leaked,0.0,0.0,0.0,40
nemotron-8b,addressee,5,0.1,1,pre,all,recall,0.08620666666666667,0.002,0.48823333333333335,40
nemotron-8b,addressee,5,0.1,1,pre,answerable,any_hit,0.7827320630477199,0.5,0.95,40
nemotron-8b,addressee,5,0.1,1,pre,answerable,authorized,1.0,1.0,1.0,40
nemotron-8b,addressee,5,0.1,1,pre,answerable,context_size,5.0,5.0,5.0,40
nemotron-8b,addressee,5,0.1,1,pre,answerable,leaked,0.0,0.0,0.0,40
nemotron-8b,addressee,5,0.1,1,pre,answerable,recall,0.7722099424769546,0.5,0.925,40
nemotron-8b,addressee,5,0.1,1,pre,unanswerable,any_hit,0.010868677249255141,0.0,0.05555555555555555,40
nemotron-8b,addressee,5,0.1,1,pre,unanswerable,authorized,1.0,1.0,1.0,40
nemotron-8b,addressee,5,0.1,1,pre,unanswerable,context_size,5.0,5.0,5.0,40
nemotron-8b,addressee,5,0.1,1,pre,unanswerable,leaked,0.0,0.0,0.0,40
nemotron-8b,addressee,5,0.1,1,pre,unanswerable,recall,0.004356469288047034,0.0,0.020791245791245788,40
nemotron-8b,addressee,5,0.25,2,_policy,all,answerable_rate,0.2932,0.041350000000000005,0.6583999999999998,40
nemotron-8b,addressee,5,0.25,2,_policy,all,authorized_passages,0.3121695358130956,0.050409237626806026,0.7163483707347063,40
nemotron-8b,addressee,5,0.25,2,_q,answerable,n,1.0,1.0,1.0,40
nemotron-8b,addressee,5,0.25,2,_q,unanswerable,n,1.0,1.0,1.0,40
nemotron-8b,addressee,5,0.25,2,none,all,authorized,0.18025000000000002,0.02165,0.4484499999999996,40
nemotron-8b,addressee,5,0.25,2,none,all,context_size,5.0,5.0,5.0,40
nemotron-8b,addressee,5,0.25,2,none,all,leaked,3.465,1.71665,4.758699999999999,40
nemotron-8b,addressee,5,0.25,2,none,all,recall,0.7570666666666666,0.7570666666666666,0.7570666666666666,40
nemotron-8b,addressee,5,0.25,2,none,answerable,any_hit,0.8264744921584473,0.7553571428571428,0.9090909090909091,40
nemotron-8b,addressee,5,0.25,2,none,answerable,authorized,0.5397546667775783,0.3939393939393939,0.6539611697564248,40
nemotron-8b,addressee,5,0.25,2,none,answerable,context_size,5.0,5.0,5.0,40
nemotron-8b,addressee,5,0.25,2,none,answerable,leaked,1.0800609782034236,0.6263984109813869,1.7214285714285709,40
nemotron-8b,addressee,5,0.25,2,none,answerable,recall,0.7967982305641377,0.7553571428571428,0.88,40
nemotron-8b,addressee,5,0.25,2,none,unanswerable,any_hit,0.825075901943207,0.8092485549132948,0.835509138381201,40
nemotron-8b,addressee,5,0.25,2,none,unanswerable,authorized,0.02984911019150696,0.0020354906054279747,0.0659374999999998,40
nemotron-8b,addressee,5,0.25,2,none,unanswerable,context_size,5.0,5.0,5.0,40
nemotron-8b,addressee,5,0.25,2,none,unanswerable,leaked,4.366466421401587,3.744606181455633,4.964554852156802,40
nemotron-8b,addressee,5,0.25,2,none,unanswerable,recall,0.741747275761575,0.7092485549132947,0.7569643594661415,40
nemotron-8b,addressee,5,0.25,2,part,all,authorized,1.0,1.0,1.0,40
nemotron-8b,addressee,5,0.25,2,part,all,context_size,5.0,5.0,5.0,40
nemotron-8b,addressee,5,0.25,2,part,all,leaked,0.0,0.0,0.0,40
nemotron-8b,addressee,5,0.25,2,part,all,recall,0.24277166666666666,0.034725,0.5317291666666666,40
nemotron-8b,addressee,5,0.25,2,part,answerable,any_hit,0.8568538271913468,0.8049107142857144,0.9318181818181818,40
nemotron-8b,addressee,5,0.25,2,part,answerable,authorized,1.0,1.0,1.0,40
nemotron-8b,addressee,5,0.25,2,part,answerable,context_size,5.0,5.0,5.0,40
nemotron-8b,addressee,5,0.25,2,part,answerable,leaked,0.0,0.0,0.0,40
nemotron-8b,addressee,5,0.25,2,part,answerable,recall,0.8305492242241321,0.763007530120482,0.9090909090909091,40
nemotron-8b,addressee,5,0.25,2,part,unanswerable,any_hit,0.030800299851548963,0.0021034445870774495,0.06853609625668447,40
nemotron-8b,addressee,5,0.25,2,part,unanswerable,authorized,1.0,1.0,1.0,40
nemotron-8b,addressee,5,0.25,2,part,unanswerable,context_size,5.0,5.0,5.0,40
nemotron-8b,addressee,5,0.25,2,part,unanswerable,leaked,0.0,0.0,0.0,40
nemotron-8b,addressee,5,0.25,2,part,unanswerable,recall,0.012275712208024816,0.0007017543859649122,0.02643312722816398,40
nemotron-8b,addressee,5,0.25,2,post,all,authorized,1.0,1.0,1.0,40
nemotron-8b,addressee,5,0.25,2,post,all,context_size,1.5349999999999997,0.24130000000000001,3.2833499999999987,40
nemotron-8b,addressee,5,0.25,2,post,all,leaked,0.0,0.0,0.0,40
nemotron-8b,addressee,5,0.25,2,post,all,recall,0.23553833333333332,0.03269999999999999,0.5228791666666667,40
nemotron-8b,addressee,5,0.25,2,post,answerable,any_hit,0.8264744921584473,0.7553571428571428,0.9090909090909091,40
nemotron-8b,addressee,5,0.25,2,post,answerable,authorized,1.0,1.0,1.0,40
nemotron-8b,addressee,5,0.25,2,post,answerable,context_size,3.9199390217965773,3.2785714285714285,4.373601589018612,40
nemotron-8b,addressee,5,0.25,2,post,answerable,leaked,0.0,0.0,0.0,40
nemotron-8b,addressee,5,0.25,2,post,answerable,recall,0.7967982305641377,0.7553571428571428,0.88,40
nemotron-8b,addressee,5,0.25,2,post,unanswerable,any_hit,0.029824496938909418,0.0020526315789473684,0.06853609625668447,40
nemotron-8b,addressee,5,0.25,2,post,unanswerable,authorized,1.0,1.0,1.0,40
nemotron-8b,addressee,5,0.25,2,post,unanswerable,context_size,0.6335335785984126,0.03544514784319818,1.2553938185443663,40
nemotron-8b,addressee,5,0.25,2,post,unanswerable,leaked,0.0,0.0,0.0,40
nemotron-8b,addressee,5,0.25,2,post,unanswerable,recall,0.01183255767973693,0.0006842105263157894,0.02643312722816398,40
nemotron-8b,addressee,5,0.25,2,pre,all,authorized,1.0,1.0,1.0,40
nemotron-8b,addressee,5,0.25,2,pre,all,context_size,5.0,5.0,5.0,40
nemotron-8b,addressee,5,0.25,2,pre,all,leaked,0.0,0.0,0.0,40
nemotron-8b,addressee,5,0.25,2,pre,all,recall,0.24277166666666666,0.034725,0.5317291666666666,40
nemotron-8b,addressee,5,0.25,2,pre,answerable,any_hit,0.8568538271913468,0.8049107142857144,0.9318181818181818,40
nemotron-8b,addressee,5,0.25,2,pre,answerable,authorized,1.0,1.0,1.0,40
nemotron-8b,addressee,5,0.25,2,pre,answerable,context_size,5.0,5.0,5.0,40
nemotron-8b,addressee,5,0.25,2,pre,answerable,leaked,0.0,0.0,0.0,40
nemotron-8b,addressee,5,0.25,2,pre,answerable,recall,0.8305492242241321,0.763007530120482,0.9090909090909091,40
nemotron-8b,addressee,5,0.25,2,pre,unanswerable,any_hit,0.030800299851548963,0.0021034445870774495,0.06853609625668447,40
nemotron-8b,addressee,5,0.25,2,pre,unanswerable,authorized,1.0,1.0,1.0,40
nemotron-8b,addressee,5,0.25,2,pre,unanswerable,context_size,5.0,5.0,5.0,40
nemotron-8b,addressee,5,0.25,2,pre,unanswerable,leaked,0.0,0.0,0.0,40
nemotron-8b,addressee,5,0.25,2,pre,unanswerable,recall,0.012275712208024816,0.0007017543859649122,0.02643312722816398,40
nemotron-8b,addressee,5,0.5,4,_policy,all,answerable_rate,0.5425000000000001,0.094,0.92605,40
nemotron-8b,addressee,5,0.5,4,_policy,all,authorized_passages,0.5594950814632647,0.12058100215185982,0.9223293882569935,40
nemotron-8b,addressee,5,0.5,4,_q,answerable,n,1.0,1.0,1.0,40
nemotron-8b,addressee,5,0.5,4,_q,unanswerable,n,1.0,1.0,1.0,40
nemotron-8b,addressee,5,0.5,4,none,all,authorized,0.42250000000000004,0.054,0.914,40
nemotron-8b,addressee,5,0.5,4,none,all,context_size,5.0,5.0,5.0,40
nemotron-8b,addressee,5,0.5,4,none,all,leaked,2.18045,0.278,4.424,40
nemotron-8b,addressee,5,0.5,4,none,all,recall,0.7570666666666666,0.7570666666666666,0.7570666666666666,40
nemotron-8b,addressee,5,0.5,4,none,answerable,any_hit,0.8214860464920004,0.7872340425531915,0.8615384615384616,40
nemotron-8b,addressee,5,0.5,4,none,answerable,authorized,0.6616016317500155,0.4765625,0.9697624190064795,40
nemotron-8b,addressee,5,0.5,4,none,answerable,context_size,5.0,5.0,5.0,40
nemotron-8b,addressee,5,0.5,4,none,answerable,leaked,0.746964167871002,0.032397408207343416,1.574468085106383,40
nemotron-8b,addressee,5,0.5,4,none,answerable,recall,0.7759751787235519,0.7555686274509804,0.8384615384615385,40
nemotron-8b,addressee,5,0.5,4,none,unanswerable,any_hit,0.8234218007726936,0.7829391891891891,0.8533333333333334,40
nemotron-8b,addressee,5,0.5,4,none,unanswerable,authorized,0.09622599713875589,0.0044444444444444444,0.27660440613026815,40
nemotron-8b,addressee,5,0.5,4,none,unanswerable,context_size,5.0,5.0,5.0,40
nemotron-8b,addressee,5,0.5,4,none,unanswerable,leaked,3.8037242551014914,2.8448275862068964,4.762222222222222,40
nemotron-8b,addressee,5,0.5,4,none,unanswerable,recall,0.7317027152029151,0.6816131864623245,0.7655555555555555,40
nemotron-8b,addressee,5,0.5,4,part,all,authorized,1.0,1.0,1.0,40
nemotron-8b,addressee,5,0.5,4,part,all,context_size,5.0,5.0,5.0,40
nemotron-8b,addressee,5,0.5,4,part,all,leaked,0.0,0.0,0.0,40
nemotron-8b,addressee,5,0.5,4,part,all,recall,0.43074499999999993,0.079,0.7065666666666667,40
nemotron-8b,addressee,5,0.5,4,part,answerable,any_hit,0.838792255872361,0.8085106382978723,0.8615384615384616,40
nemotron-8b,addressee,5,0.5,4,part,answerable,authorized,1.0,1.0,1.0,40
nemotron-8b,addressee,5,0.5,4,part,answerable,context_size,5.0,5.0,5.0,40
nemotron-8b,addressee,5,0.5,4,part,answerable,leaked,0.0,0.0,0.0,40
nemotron-8b,addressee,5,0.5,4,part,answerable,recall,0.7946193087586312,0.7590980392156863,0.8461538461538461,40
nemotron-8b,addressee,5,0.5,4,part,unanswerable,any_hit,0.060613076376273244,0.008888888888888889,0.1206896551724138,40
nemotron-8b,addressee,5,0.5,4,part,unanswerable,authorized,1.0,1.0,1.0,40
nemotron-8b,addressee,5,0.5,4,part,unanswerable,context_size,5.0,5.0,5.0,40
nemotron-8b,addressee,5,0.5,4,part,unanswerable,leaked,0.0,0.0,0.0,40
nemotron-8b,addressee,5,0.5,4,part,unanswerable,recall,0.024901907077855834,0.0033333333333333335,0.050287356321839075,40
nemotron-8b,addressee,5,0.5,4,post,all,authorized,1.0,1.0,1.0,40
nemotron-8b,addressee,5,0.5,4,post,all,context_size,2.81955,0.576,4.722,40
nemotron-8b,addressee,5,0.5,4,post,all,leaked,0.0,0.0,0.0,40
nemotron-8b,addressee,5,0.5,4,post,all,recall,0.4241616666666667,0.07533333333333334,0.7065666666666667,40
nemotron-8b,addressee,5,0.5,4,post,answerable,any_hit,0.8214860464920004,0.7872340425531915,0.8615384615384616,40
nemotron-8b,addressee,5,0.5,4,post,answerable,authorized,1.0,1.0,1.0,40
nemotron-8b,addressee,5,0.5,4,post,answerable,context_size,4.253035832128998,3.425531914893617,4.967602591792657,40
nemotron-8b,addressee,5,0.5,4,post,answerable,leaked,0.0,0.0,0.0,40
nemotron-8b,addressee,5,0.5,4,post,answerable,recall,0.7759751787235519,0.7555686274509804,0.8384615384615385,40
nemotron-8b,addressee,5,0.5,4,post,unanswerable,any_hit,0.05914397064165815,0.006666666666666667,0.1206896551724138,40
nemotron-8b,addressee,5,0.5,4,post,unanswerable,authorized,1.0,1.0,1.0,40
nemotron-8b,addressee,5,0.5,4,post,unanswerable,context_size,1.1962757448985089,0.23777777777777778,2.1551724137931036,40
nemotron-8b,addressee,5,0.5,4,post,unanswerable,leaked,0.0,0.0,0.0,40
nemotron-8b,addressee,5,0.5,4,post,unanswerable,recall,0.02421448572205522,0.0022222222222222222,0.050287356321839075,40
nemotron-8b,addressee,5,0.5,4,pre,all,authorized,1.0,1.0,1.0,40
nemotron-8b,addressee,5,0.5,4,pre,all,context_size,5.0,5.0,5.0,40
nemotron-8b,addressee,5,0.5,4,pre,all,leaked,0.0,0.0,0.0,40
nemotron-8b,addressee,5,0.5,4,pre,all,recall,0.43074499999999993,0.079,0.7065666666666667,40
nemotron-8b,addressee,5,0.5,4,pre,answerable,any_hit,0.838792255872361,0.8085106382978723,0.8615384615384616,40
nemotron-8b,addressee,5,0.5,4,pre,answerable,authorized,1.0,1.0,1.0,40
nemotron-8b,addressee,5,0.5,4,pre,answerable,context_size,5.0,5.0,5.0,40
nemotron-8b,addressee,5,0.5,4,pre,answerable,leaked,0.0,0.0,0.0,40
nemotron-8b,addressee,5,0.5,4,pre,answerable,recall,0.7946193087586312,0.7590980392156863,0.8461538461538461,40
nemotron-8b,addressee,5,0.5,4,pre,unanswerable,any_hit,0.060613076376273244,0.008888888888888889,0.1206896551724138,40
nemotron-8b,addressee,5,0.5,4,pre,unanswerable,authorized,1.0,1.0,1.0,40
nemotron-8b,addressee,5,0.5,4,pre,unanswerable,context_size,5.0,5.0,5.0,40
nemotron-8b,addressee,5,0.5,4,pre,unanswerable,leaked,0.0,0.0,0.0,40
nemotron-8b,addressee,5,0.5,4,pre,unanswerable,recall,0.024901907077855834,0.0033333333333333335,0.050287356321839075,40
nemotron-8b,addressee,5,0.75,5,_policy,all,answerable_rate,0.6720499999999999,0.29215,0.9487999999999999,40
nemotron-8b,addressee,5,0.75,5,_policy,all,authorized_passages,0.6861896710728559,0.2836516292652936,0.9495907623731938,40
nemotron-8b,addressee,5,0.75,5,_q,answerable,n,1.0,1.0,1.0,40
nemotron-8b,addressee,5,0.75,5,_q,unanswerable,n,1.0,1.0,1.0,40
nemotron-8b,addressee,5,0.75,5,none,all,authorized,0.5677,0.1737,0.9254,40
nemotron-8b,addressee,5,0.75,5,none,all,context_size,5.0,5.0,5.0,40
nemotron-8b,addressee,5,0.75,5,none,all,leaked,1.52575,0.24130000000000001,3.2833499999999987,40
nemotron-8b,addressee,5,0.75,5,none,all,recall,0.7570666666666666,0.7570666666666666,0.7570666666666666,40
nemotron-8b,addressee,5,0.75,5,none,answerable,any_hit,0.8228011069456299,0.7905405405405406,0.8368983957219251,40
nemotron-8b,addressee,5,0.75,5,none,answerable,authorized,0.7486053646851177,0.5202702702702703,0.9766803818301514,40
nemotron-8b,addressee,5,0.75,5,none,answerable,context_size,5.0,5.0,5.0,40
nemotron-8b,addressee,5,0.75,5,none,answerable,leaked,0.5182630308551204,0.02541639236339697,1.0666849067377233,40
nemotron-8b,addressee,5,0.75,5,none,answerable,recall,0.7706420841517023,0.753600593912398,0.7943373879641485,40
nemotron-8b,addressee,5,0.75,5,none,unanswerable,any_hit,0.814443713708053,0.74375,0.8627450980392157,40
nemotron-8b,addressee,5,0.75,5,none,unanswerable,authorized,0.13112889517283038,0.019786894140342418,0.3476562499999998,40
nemotron-8b,addressee,5,0.75,5,none,unanswerable,context_size,5.0,5.0,5.0,40
nemotron-8b,addressee,5,0.75,5,none,unanswerable,leaked,3.5669732554462135,2.4975,4.2409794228759745,40
nemotron-8b,addressee,5,0.75,5,none,unanswerable,recall,0.7201912632814498,0.6434765625000001,0.7878634212305613,40
nemotron-8b,addressee,5,0.75,5,part,all,authorized,1.0,1.0,1.0,40
nemotron-8b,addressee,5,0.75,5,part,all,context_size,5.0,5.0,5.0,40
nemotron-8b,addressee,5,0.75,5,part,all,leaked,0.0,0.0,0.0,40
nemotron-8b,addressee,5,0.75,5,part,all,recall,0.5274058333333332,0.24597916666666667,0.7272916666666667,40
nemotron-8b,addressee,5,0.75,5,part,answerable,any_hit,0.8359865873767216,0.8240534521158129,0.8484898325358852,40
nemotron-8b,addressee,5,0.75,5,part,answerable,authorized,1.0,1.0,1.0,40
nemotron-8b,addressee,5,0.75,5,part,answerable,context_size,5.0,5.0,5.0,40
nemotron-8b,addressee,5,0.75,5,part,answerable,leaked,0.0,0.0,0.0,40
nemotron-8b,addressee,5,0.75,5,part,answerable,recall,0.785382391114082,0.753600593912398,0.8272727272727273,40
nemotron-8b,addressee,5,0.75,5,part,unanswerable,any_hit,0.06938087947956853,0.03635817307692308,0.15390625,40
nemotron-8b,addressee,5,0.75,5,part,unanswerable,authorized,1.0,1.0,1.0,40
nemotron-8b,addressee,5,0.75,5,part,unanswerable,context_size,5.0,5.0,5.0,40
nemotron-8b,addressee,5,0.75,5,part,unanswerable,leaked,0.0,0.0,0.0,40
nemotron-8b,addressee,5,0.75,5,part,unanswerable,recall,0.028922713822949676,0.01606734768499474,0.06100260416666666,40
nemotron-8b,addressee,5,0.75,5,post,all,authorized,1.0,1.0,1.0,40
nemotron-8b,addressee,5,0.75,5,post,all,context_size,3.47425,1.71665,4.758699999999999,40
nemotron-8b,addressee,5,0.75,5,post,all,leaked,0.0,0.0,0.0,40
nemotron-8b,addressee,5,0.75,5,post,all,recall,0.5215891666666665,0.23418750000000002,0.7243666666666666,40
nemotron-8b,addressee,5,0.75,5,post,answerable,any_hit,0.8228011069456299,0.7905405405405406,0.8368983957219251,40
nemotron-8b,addressee,5,0.75,5,post,answerable,authorized,1.0,1.0,1.0,40
nemotron-8b,addressee,5,0.75,5,post,answerable,context_size,4.481736969144879,3.933315093262276,4.974583607636603,40
nemotron-8b,addressee,5,0.75,5,post,answerable,leaked,0.0,0.0,0.0,40
nemotron-8b,addressee,5,0.75,5,post,answerable,recall,0.7706420841517023,0.753600593912398,0.7943373879641485,40
nemotron-8b,addressee,5,0.75,5,post,unanswerable,any_hit,0.06832288444430078,0.03624162296037296,0.15390625,40
nemotron-8b,addressee,5,0.75,5,post,unanswerable,authorized,1.0,1.0,1.0,40
nemotron-8b,addressee,5,0.75,5,post,unanswerable,context_size,1.4330267445537863,0.7590205771240254,2.5025,40
nemotron-8b,addressee,5,0.75,5,post,unanswerable,leaked,0.0,0.0,0.0,40
nemotron-8b,addressee,5,0.75,5,post,unanswerable,recall,0.02840342881502831,0.016018785136432193,0.06100260416666666,40
nemotron-8b,addressee,5,0.75,5,pre,all,authorized,1.0,1.0,1.0,40
nemotron-8b,addressee,5,0.75,5,pre,all,context_size,5.0,5.0,5.0,40
nemotron-8b,addressee,5,0.75,5,pre,all,leaked,0.0,0.0,0.0,40
nemotron-8b,addressee,5,0.75,5,pre,all,recall,0.5274058333333332,0.24597916666666667,0.7272916666666667,40
nemotron-8b,addressee,5,0.75,5,pre,answerable,any_hit,0.8359865873767216,0.8240534521158129,0.8484898325358852,40
nemotron-8b,addressee,5,0.75,5,pre,answerable,authorized,1.0,1.0,1.0,40
nemotron-8b,addressee,5,0.75,5,pre,answerable,context_size,5.0,5.0,5.0,40
nemotron-8b,addressee,5,0.75,5,pre,answerable,leaked,0.0,0.0,0.0,40
nemotron-8b,addressee,5,0.75,5,pre,answerable,recall,0.785382391114082,0.753600593912398,0.8272727272727273,40
nemotron-8b,addressee,5,0.75,5,pre,unanswerable,any_hit,0.06938087947956853,0.03635817307692308,0.15390625,40
nemotron-8b,addressee,5,0.75,5,pre,unanswerable,authorized,1.0,1.0,1.0,40
nemotron-8b,addressee,5,0.75,5,pre,unanswerable,context_size,5.0,5.0,5.0,40
nemotron-8b,addressee,5,0.75,5,pre,unanswerable,leaked,0.0,0.0,0.0,40
nemotron-8b,addressee,5,0.75,5,pre,unanswerable,recall,0.028922713822949676,0.01606734768499474,0.06100260416666666,40
nemotron-8b,addressee,5,0.9,6,_policy,all,answerable_rate,0.8733999999999998,0.344,0.996,40
nemotron-8b,addressee,5,0.9,6,_policy,all,authorized_passages,0.8867276360282815,0.3441438671995081,0.9932370119889333,40
nemotron-8b,addressee,5,0.9,6,_q,answerable,n,1.0,1.0,1.0,40
nemotron-8b,addressee,5,0.9,6,_q,unanswerable,n,1.0,1.0,1.0,40
nemotron-8b,addressee,5,0.9,6,none,all,authorized,0.8155000000000001,0.22,0.99,40
nemotron-8b,addressee,5,0.9,6,none,all,context_size,5.0,5.0,5.0,40
nemotron-8b,addressee,5,0.9,6,none,all,leaked,0.5910500000000001,0.026,2.962,40
nemotron-8b,addressee,5,0.9,6,none,all,recall,0.7570666666666666,0.7570666666666666,0.7570666666666666,40
nemotron-8b,addressee,5,0.9,6,none,answerable,any_hit,0.8279913277845463,0.8081395348837209,0.8333333333333334,40
nemotron-8b,addressee,5,0.9,6,none,answerable,authorized,0.8913654358184399,0.5755813953488372,0.9959349593495935,40
nemotron-8b,addressee,5,0.9,6,none,answerable,context_size,5.0,5.0,5.0,40
nemotron-8b,addressee,5,0.9,6,none,answerable,leaked,0.21052237215929526,0.0040650406504065045,0.9534883720930233,40
nemotron-8b,addressee,5,0.9,6,none,answerable,recall,0.7637127415244986,0.7534178999295279,0.7790697674418605,40
nemotron-8b,addressee,5,0.9,6,none,unanswerable,any_hit,0.6867449324945738,0.5,0.8888888888888888,40
nemotron-8b,addressee,5,0.9,6,none,unanswerable,authorized,0.24097149413236213,0.0,0.625,40
nemotron-8b,addressee,5,0.9,6,none,unanswerable,context_size,5.0,5.0,5.0,40
nemotron-8b,addressee,5,0.9,6,none,unanswerable,leaked,3.264407748715496,1.75,5.0,40
nemotron-8b,addressee,5,0.9,6,none,unanswerable,recall,0.6122317461485324,0.4375,0.8209876543209875,40
nemotron-8b,addressee,5,0.9,6,part,all,authorized,1.0,1.0,1.0,40
nemotron-8b,addressee,5,0.9,6,part,all,context_size,5.0,5.0,5.0,40
nemotron-8b,addressee,5,0.9,6,part,all,leaked,0.0,0.0,0.0,40
nemotron-8b,addressee,5,0.9,6,part,all,recall,0.6716058333333332,0.29183333333333333,0.7550666666666666,40
nemotron-8b,addressee,5,0.9,6,part,answerable,any_hit,0.832945658903553,0.8245243128964059,0.84251968503937,40
nemotron-8b,addressee,5,0.9,6,part,answerable,authorized,1.0,1.0,1.0,40
nemotron-8b,addressee,5,0.9,6,part,answerable,context_size,5.0,5.0,5.0,40
nemotron-8b,addressee,5,0.9,6,part,answerable,leaked,0.0,0.0,0.0,40
nemotron-8b,addressee,5,0.9,6,part,answerable,recall,0.7689662881912883,0.7534178999295279,0.813953488372093,40
nemotron-8b,addressee,5,0.9,6,part,unanswerable,any_hit,0.07847164741443795,0.0,0.16666666666666666,40
nemotron-8b,addressee,5,0.9,6,part,unanswerable,authorized,1.0,1.0,1.0,40
nemotron-8b,addressee,5,0.9,6,part,unanswerable,context_size,5.0,5.0,5.0,40
nemotron-8b,addressee,5,0.9,6,part,unanswerable,leaked,0.0,0.0,0.0,40
nemotron-8b,addressee,5,0.9,6,part,unanswerable,recall,0.034853656492824354,0.0,0.06597222222222222,40
nemotron-8b,addressee,5,0.9,6,post,all,authorized,1.0,1.0,1.0,40
nemotron-8b,addressee,5,0.9,6,post,all,context_size,4.40895,2.038,4.974,40
nemotron-8b,addressee,5,0.9,6,post,all,leaked,0.0,0.0,0.0,40
nemotron-8b,addressee,5,0.9,6,post,all,recall,0.6688558333333333,0.2798333333333333,0.7550666666666666,40
nemotron-8b,addressee,5,0.9,6,post,answerable,any_hit,0.8279913277845463,0.8081395348837209,0.8333333333333334,40
nemotron-8b,addressee,5,0.9,6,post,answerable,authorized,1.0,1.0,1.0,40
nemotron-8b,addressee,5,0.9,6,post,answerable,context_size,4.7894776278407045,4.046511627906977,4.995934959349594,40
nemotron-8b,addressee,5,0.9,6,post,answerable,leaked,0.0,0.0,0.0,40
nemotron-8b,addressee,5,0.9,6,post,answerable,recall,0.7637127415244986,0.7534178999295279,0.7790697674418605,40
nemotron-8b,addressee,5,0.9,6,post,unanswerable,any_hit,0.07700105917914384,0.0,0.16666666666666666,40
nemotron-8b,addressee,5,0.9,6,post,unanswerable,authorized,1.0,1.0,1.0,40
nemotron-8b,addressee,5,0.9,6,post,unanswerable,context_size,1.7355922512845037,0.0,3.25,40
nemotron-8b,addressee,5,0.9,6,post,unanswerable,leaked,0.0,0.0,0.0,40
nemotron-8b,addressee,5,0.9,6,post,unanswerable,recall,0.03411836237517729,0.0,0.06597222222222222,40
nemotron-8b,addressee,5,0.9,6,pre,all,authorized,1.0,1.0,1.0,40
nemotron-8b,addressee,5,0.9,6,pre,all,context_size,5.0,5.0,5.0,40
nemotron-8b,addressee,5,0.9,6,pre,all,leaked,0.0,0.0,0.0,40
nemotron-8b,addressee,5,0.9,6,pre,all,recall,0.6716058333333332,0.29183333333333333,0.7550666666666666,40
nemotron-8b,addressee,5,0.9,6,pre,answerable,any_hit,0.832945658903553,0.8245243128964059,0.84251968503937,40
nemotron-8b,addressee,5,0.9,6,pre,answerable,authorized,1.0,1.0,1.0,40
nemotron-8b,addressee,5,0.9,6,pre,answerable,context_size,5.0,5.0,5.0,40
nemotron-8b,addressee,5,0.9,6,pre,answerable,leaked,0.0,0.0,0.0,40
nemotron-8b,addressee,5,0.9,6,pre,answerable,recall,0.7689662881912883,0.7534178999295279,0.813953488372093,40
nemotron-8b,addressee,5,0.9,6,pre,unanswerable,any_hit,0.07847164741443795,0.0,0.16666666666666666,40
nemotron-8b,addressee,5,0.9,6,pre,unanswerable,authorized,1.0,1.0,1.0,40
nemotron-8b,addressee,5,0.9,6,pre,unanswerable,context_size,5.0,5.0,5.0,40
nemotron-8b,addressee,5,0.9,6,pre,unanswerable,leaked,0.0,0.0,0.0,40
nemotron-8b,addressee,5,0.9,6,pre,unanswerable,recall,0.034853656492824354,0.0,0.06597222222222222,40
qwen3-emb-4b,compartment,5,0.1,4,_policy,all,answerable_rate,0.0786,0.013800000000000002,0.17484999999999995,40
qwen3-emb-4b,compartment,5,0.1,4,_policy,all,authorized_passages,0.08887373193974793,0.013808407623731941,0.21041730710113735,40
qwen3-emb-4b,compartment,5,0.1,4,_q,answerable,n,1.0,1.0,1.0,40
qwen3-emb-4b,compartment,5,0.1,4,_q,unanswerable,n,1.0,1.0,1.0,40
qwen3-emb-4b,compartment,5,0.1,4,none,all,authorized,0.042100000000000005,0.00395,0.11244999999999998,40
qwen3-emb-4b,compartment,5,0.1,4,none,all,context_size,5.0,5.0,5.0,40
qwen3-emb-4b,compartment,5,0.1,4,none,all,leaked,4.56335,4.069599999999999,4.918200000000001,40
qwen3-emb-4b,compartment,5,0.1,4,none,all,recall,0.7193999999999999,0.7193999999999999,0.7193999999999999,40
qwen3-emb-4b,compartment,5,0.1,4,none,answerable,any_hit,0.8314980896729882,0.6642857142857143,1.0,40
qwen3-emb-4b,compartment,5,0.1,4,none,answerable,authorized,0.4590629229352645,0.20892857142857144,0.7,40
qwen3-emb-4b,compartment,5,0.1,4,none,answerable,context_size,5.0,5.0,5.0,40
qwen3-emb-4b,compartment,5,0.1,4,none,answerable,leaked,1.3815743090303312,0.8,2.3416666666666663,40
qwen3-emb-4b,compartment,5,0.1,4,none,answerable,recall,0.7771406215698595,0.618936877076412,0.9713235294117647,40
qwen3-emb-4b,compartment,5,0.1,4,none,unanswerable,any_hit,0.7849105272575684,0.7729856429463171,0.7953243201000312,40
qwen3-emb-4b,compartment,5,0.1,4,none,unanswerable,authorized,0.004056787366564083,0.0,0.009221683105313377,40
qwen3-emb-4b,compartment,5,0.1,4,none,unanswerable,context_size,5.0,5.0,5.0,40
qwen3-emb-4b,compartment,5,0.1,4,none,unanswerable,leaked,4.839365767623663,4.650749739786625,4.960034724830758,40
qwen3-emb-4b,compartment,5,0.1,4,none,unanswerable,recall,0.714822829453496,0.702691250520183,0.7231490092389983,40
qwen3-emb-4b,compartment,5,0.1,4,part,all,authorized,1.0,1.0,1.0,40
qwen3-emb-4b,compartment,5,0.1,4,part,all,context_size,5.0,5.0,5.0,40
qwen3-emb-4b,compartment,5,0.1,4,part,all,leaked,0.0,0.0,0.0,40
qwen3-emb-4b,compartment,5,0.1,4,part,all,recall,0.06630333333333334,0.008966666666666666,0.1314583333333333,40
qwen3-emb-4b,compartment,5,0.1,4,part,answerable,any_hit,0.8985012030058712,0.7207641196013288,1.0,40
qwen3-emb-4b,compartment,5,0.1,4,part,answerable,authorized,1.0,1.0,1.0,40
qwen3-emb-4b,compartment,5,0.1,4,part,answerable,context_size,5.0,5.0,5.0,40
qwen3-emb-4b,compartment,5,0.1,4,part,answerable,leaked,0.0,0.0,0.0,40
qwen3-emb-4b,compartment,5,0.1,4,part,answerable,recall,0.8413439969038319,0.6547342192691029,1.0,40
qwen3-emb-4b,compartment,5,0.1,4,part,unanswerable,any_hit,0.004709680552290864,0.0,0.011980277185501062,40
qwen3-emb-4b,compartment,5,0.1,4,part,unanswerable,authorized,1.0,1.0,1.0,40
qwen3-emb-4b,compartment,5,0.1,4,part,unanswerable,context_size,5.0,5.0,5.0,40
qwen3-emb-4b,compartment,5,0.1,4,part,unanswerable,leaked,0.0,0.0,0.0,40
qwen3-emb-4b,compartment,5,0.1,4,part,unanswerable,recall,0.001918772083146749,0.0,0.00558102345415778,40
qwen3-emb-4b,compartment,5,0.1,4,post,all,authorized,1.0,1.0,1.0,40
qwen3-emb-4b,compartment,5,0.1,4,post,all,context_size,0.43665000000000004,0.0818,0.9303999999999998,40
qwen3-emb-4b,compartment,5,0.1,4,post,all,leaked,0.0,0.0,0.0,40
qwen3-emb-4b,compartment,5,0.1,4,post,all,recall,0.06222416666666667,0.007925,0.1274083333333333,40
qwen3-emb-4b,compartment,5,0.1,4,post,answerable,any_hit,0.8314980896729882,0.6642857142857143,1.0,40
qwen3-emb-4b,compartment,5,0.1,4,post,answerable,authorized,1.0,1.0,1.0,40
qwen3-emb-4b,compartment,5,0.1,4,post,answerable,context_size,3.6184256909696684,2.658333333333333,4.2,40
qwen3-emb-4b,compartment,5,0.1,4,post,answerable,leaked,0.0,0.0,0.0,40
qwen3-emb-4b,compartment,5,0.1,4,post,answerable,recall,0.7771406215698595,0.618936877076412,0.9713235294117647,40
qwen3-emb-4b,compartment,5,0.1,4,post,unanswerable,any_hit,0.0041695755795322555,0.0,0.010692075337597723,40
qwen3-emb-4b,compartment,5,0.1,4,post,unanswerable,authorized,1.0,1.0,1.0,40
qwen3-emb-4b,compartment,5,0.1,4,post,unanswerable,context_size,0.16063423237633606,0.039965275169241816,0.34925026021337496,40
qwen3-emb-4b,compartment,5,0.1,4,post,unanswerable,leaked,0.0,0.0,0.0,40
qwen3-emb-4b,compartment,5,0.1,4,post,unanswerable,recall,0.0016795545110026636,0.0,0.004816394219379293,40
qwen3-emb-4b,compartment,5,0.1,4,pre,all,authorized,1.0,1.0,1.0,40
qwen3-emb-4b,compartment,5,0.1,4,pre,all,context_size,5.0,5.0,5.0,40
qwen3-emb-4b,compartment,5,0.1,4,pre,all,leaked,0.0,0.0,0.0,40
qwen3-emb-4b,compartment,5,0.1,4,pre,all,recall,0.06630333333333334,0.008966666666666666,0.1314583333333333,40
qwen3-emb-4b,compartment,5,0.1,4,pre,answerable,any_hit,0.8985012030058712,0.7207641196013288,1.0,40
qwen3-emb-4b,compartment,5,0.1,4,pre,answerable,authorized,1.0,1.0,1.0,40
qwen3-emb-4b,compartment,5,0.1,4,pre,answerable,context_size,5.0,5.0,5.0,40
qwen3-emb-4b,compartment,5,0.1,4,pre,answerable,leaked,0.0,0.0,0.0,40
qwen3-emb-4b,compartment,5,0.1,4,pre,answerable,recall,0.8413439969038319,0.6547342192691029,1.0,40
qwen3-emb-4b,compartment,5,0.1,4,pre,unanswerable,any_hit,0.004709680552290864,0.0,0.011980277185501062,40
qwen3-emb-4b,compartment,5,0.1,4,pre,unanswerable,authorized,1.0,1.0,1.0,40
qwen3-emb-4b,compartment,5,0.1,4,pre,unanswerable,context_size,5.0,5.0,5.0,40
qwen3-emb-4b,compartment,5,0.1,4,pre,unanswerable,leaked,0.0,0.0,0.0,40
qwen3-emb-4b,compartment,5,0.1,4,pre,unanswerable,recall,0.001918772083146749,0.0,0.00558102345415778,40
qwen3-emb-4b,compartment,5,0.25,10,_policy,all,answerable_rate,0.21885000000000004,0.1032,0.37444999999999995,40
qwen3-emb-4b,compartment,5,0.25,10,_policy,all,authorized_passages,0.23293690439594217,0.11446357208730402,0.44249538887181056,40
qwen3-emb-4b,compartment,5,0.25,10,_q,answerable,n,1.0,1.0,1.0,40
qwen3-emb-4b,compartment,5,0.25,10,_q,unanswerable,n,1.0,1.0,1.0,40
qwen3-emb-4b,compartment,5,0.25,10,none,all,authorized,0.1301,0.0475,0.24454999999999996,40
qwen3-emb-4b,compartment,5,0.25,10,none,all,context_size,5.0,5.0,5.0,40
qwen3-emb-4b,compartment,5,0.25,10,none,all,leaked,3.81575,3.00335,4.350499999999999,40
qwen3-emb-4b,compartment,5,0.25,10,none,all,recall,0.7193999999999999,0.7193999999999999,0.7193999999999999,40
qwen3-emb-4b,compartment,5,0.25,10,none,answerable,any_hit,0.8042143646560291,0.7264593301435407,0.8899122807017543,40
qwen3-emb-4b,compartment,5,0.25,10,none,answerable,authorized,0.5241518668691298,0.3638888888888889,0.6668449197860962,40
qwen3-emb-4b,compartment,5,0.25,10,none,answerable,context_size,5.0,5.0,5.0,40
qwen3-emb-4b,compartment,5,0.25,10,none,answerable,leaked,1.1393160941411693,0.7005206867435969,1.6504401408450704,40
qwen3-emb-4b,compartment,5,0.25,10,none,answerable,recall,0.748665355296711,0.6694826555023923,0.8314109742441208,40
qwen3-emb-4b,compartment,5,0.25,10,none,unanswerable,any_hit,0.7854367312516033,0.7659808930400429,0.8101543209876543,40
qwen3-emb-4b,compartment,5,0.25,10,none,unanswerable,authorized,0.015614033622957036,0.004527516714365094,0.03021623531161683,40
qwen3-emb-4b,compartment,5,0.25,10,none,unanswerable,context_size,5.0,5.0,5.0,40
qwen3-emb-4b,compartment,5,0.25,10,none,unanswerable,leaked,4.566305838820424,4.311583211500975,4.747787915620873,40
qwen3-emb-4b,compartment,5,0.25,10,none,unanswerable,recall,0.7123949381180414,0.6924103138702721,0.7401496913580248,40
qwen3-emb-4b,compartment,5,0.25,10,part,all,authorized,1.0,1.0,1.0,40
qwen3-emb-4b,compartment,5,0.25,10,part,all,context_size,5.0,5.0,5.0,40
qwen3-emb-4b,compartment,5,0.25,10,part,all,leaked,0.0,0.0,0.0,40
qwen3-emb-4b,compartment,5,0.25,10,part,all,recall,0.17460083333333332,0.07630833333333333,0.30088333333333334,40
qwen3-emb-4b,compartment,5,0.25,10,part,answerable,any_hit,0.836627152381368,0.7748066595059075,0.9265164240388204,40
qwen3-emb-4b,compartment,5,0.25,10,part,answerable,authorized,1.0,1.0,1.0,40
qwen3-emb-4b,compartment,5,0.25,10,part,answerable,context_size,5.0,5.0,5.0,40
qwen3-emb-4b,compartment,5,0.25,10,part,answerable,leaked,0.0,0.0,0.0,40
qwen3-emb-4b,compartment,5,0.25,10,part,answerable,recall,0.7812434017195504,0.7069983177120884,0.8634051885031727,40
qwen3-emb-4b,compartment,5,0.25,10,part,unanswerable,any_hit,0.01443033529006076,0.006420429426894944,0.024346735549565734,40
qwen3-emb-4b,compartment,5,0.25,10,part,unanswerable,authorized,1.0,1.0,1.0,40
qwen3-emb-4b,compartment,5,0.25,10,part,unanswerable,context_size,5.0,5.0,5.0,40
qwen3-emb-4b,compartment,5,0.25,10,part,unanswerable,leaked,0.0,0.0,0.0,40
qwen3-emb-4b,compartment,5,0.25,10,part,unanswerable,recall,0.006125886765140879,0.002480646149827184,0.01090787328208712,40
qwen3-emb-4b,compartment,5,0.25,10,post,all,authorized,1.0,1.0,1.0,40
qwen3-emb-4b,compartment,5,0.25,10,post,all,context_size,1.18425,0.6495000000000001,1.99665,40
qwen3-emb-4b,compartment,5,0.25,10,post,all,leaked,0.0,0.0,0.0,40
qwen3-emb-4b,compartment,5,0.25,10,post,all,recall,0.1672091666666667,0.07429166666666666,0.2871708333333333,40
qwen3-emb-4b,compartment,5,0.25,10,post,answerable,any_hit,0.8042143646560291,0.7264593301435407,0.8899122807017543,40
qwen3-emb-4b,compartment,5,0.25,10,post,answerable,authorized,1.0,1.0,1.0,40
qwen3-emb-4b,compartment,5,0.25,10,post,answerable,context_size,3.8606839058588305,3.3495598591549296,4.299479313256403,40
qwen3-emb-4b,compartment,5,0.25,10,post,answerable,leaked,0.0,0.0,0.0,40
qwen3-emb-4b,compartment,5,0.25,10,post,answerable,recall,0.748665355296711,0.6694826555023923,0.8314109742441208,40
qwen3-emb-4b,compartment,5,0.25,10,post,unanswerable,any_hit,0.013704378129478686,0.004653213166144201,0.022422395771703543,40
qwen3-emb-4b,compartment,5,0.25,10,post,unanswerable,authorized,1.0,1.0,1.0,40
qwen3-emb-4b,compartment,5,0.25,10,post,unanswerable,context_size,0.4336941611795764,0.2522120843791273,0.6884167884990253,40
qwen3-emb-4b,compartment,5,0.25,10,post,unanswerable,leaked,0.0,0.0,0.0,40
qwen3-emb-4b,compartment,5,0.25,10,post,unanswerable,recall,0.005703728744592519,0.0017802151153444256,0.009663388533422891,40
qwen3-emb-4b,compartment,5,0.25,10,pre,all,authorized,1.0,1.0,1.0,40
qwen3-emb-4b,compartment,5,0.25,10,pre,all,context_size,5.0,5.0,5.0,40
qwen3-emb-4b,compartment,5,0.25,10,pre,all,leaked,0.0,0.0,0.0,40
qwen3-emb-4b,compartment,5,0.25,10,pre,all,recall,0.17460083333333332,0.07630833333333333,0.30088333333333334,40
qwen3-emb-4b,compartment,5,0.25,10,pre,answerable,any_hit,0.836627152381368,0.7748066595059075,0.9265164240388204,40
qwen3-emb-4b,compartment,5,0.25,10,pre,answerable,authorized,1.0,1.0,1.0,40
qwen3-emb-4b,compartment,5,0.25,10,pre,answerable,context_size,5.0,5.0,5.0,40
qwen3-emb-4b,compartment,5,0.25,10,pre,answerable,leaked,0.0,0.0,0.0,40
qwen3-emb-4b,compartment,5,0.25,10,pre,answerable,recall,0.7812434017195504,0.7069983177120884,0.8634051885031727,40
qwen3-emb-4b,compartment,5,0.25,10,pre,unanswerable,any_hit,0.01443033529006076,0.006420429426894944,0.024346735549565734,40
qwen3-emb-4b,compartment,5,0.25,10,pre,unanswerable,authorized,1.0,1.0,1.0,40
qwen3-emb-4b,compartment,5,0.25,10,pre,unanswerable,context_size,5.0,5.0,5.0,40
qwen3-emb-4b,compartment,5,0.25,10,pre,unanswerable,leaked,0.0,0.0,0.0,40
qwen3-emb-4b,compartment,5,0.25,10,pre,unanswerable,recall,0.006125886765140879,0.002480646149827184,0.01090787328208712,40
qwen3-emb-4b,compartment,5,0.5,20,_policy,all,answerable_rate,0.45010000000000006,0.26180000000000003,0.64735,40
qwen3-emb-4b,compartment,5,0.5,20,_policy,all,authorized_passages,0.490068782662158,0.28685828466031355,0.6675299723332309,40
qwen3-emb-4b,compartment,5,0.5,20,_q,answerable,n,1.0,1.0,1.0,40
qwen3-emb-4b,compartment,5,0.5,20,_q,unanswerable,n,1.0,1.0,1.0,40
qwen3-emb-4b,compartment,5,0.5,20,none,all,authorized,0.31555,0.158,0.49014999999999986,40
qwen3-emb-4b,compartment,5,0.5,20,none,all,context_size,5.0,5.0,5.0,40
qwen3-emb-4b,compartment,5,0.5,20,none,all,leaked,2.6326,1.67495,3.6631499999999995,40
qwen3-emb-4b,compartment,5,0.5,20,none,all,recall,0.7193999999999999,0.7193999999999999,0.7193999999999999,40
qwen3-emb-4b,compartment,5,0.5,20,none,answerable,any_hit,0.7983513334325625,0.7664696412891476,0.8551323529411764,40
qwen3-emb-4b,compartment,5,0.5,20,none,answerable,authorized,0.6431953334309333,0.5230827922077922,0.7567077233720343,40
qwen3-emb-4b,compartment,5,0.5,20,none,answerable,context_size,5.0,5.0,5.0,40
qwen3-emb-4b,compartment,5,0.5,20,none,answerable,leaked,0.7791559836265233,0.4597679134745381,1.0944077474249885,40
qwen3-emb-4b,compartment,5,0.5,20,none,answerable,recall,0.7426203740752106,0.710020820460286,0.801546568627451,40
qwen3-emb-4b,compartment,5,0.5,20,none,unanswerable,any_hit,0.782274401352278,0.7452687265917604,0.8071284153005464,40
qwen3-emb-4b,compartment,5,0.5,20,none,unanswerable,authorized,0.0392976483093038,0.010779864921907979,0.08786866359447003,40
qwen3-emb-4b,compartment,5,0.5,20,none,unanswerable,context_size,5.0,5.0,5.0,40
qwen3-emb-4b,compartment,5,0.5,20,none,unanswerable,leaked,4.136737003781872,3.66647465437788,4.5898592496834105,40
qwen3-emb-4b,compartment,5,0.5,20,none,unanswerable,recall,0.7011926459854481,0.6594421560759135,0.7261149282117219,40
qwen3-emb-4b,compartment,5,0.5,20,part,all,authorized,1.0,1.0,1.0,40
qwen3-emb-4b,compartment,5,0.5,20,part,all,context_size,5.0,5.0,5.0,40
qwen3-emb-4b,compartment,5,0.5,20,part,all,leaked,0.0,0.0,0.0,40
qwen3-emb-4b,compartment,5,0.5,20,part,all,recall,0.3488908333333333,0.2021875,0.49311249999999995,40
qwen3-emb-4b,compartment,5,0.5,20,part,answerable,any_hit,0.8213927641686514,0.7835645102484029,0.8851176470588236,40
qwen3-emb-4b,compartment,5,0.5,20,part,answerable,authorized,1.0,1.0,1.0,40
qwen3-emb-4b,compartment,5,0.5,20,part,answerable,context_size,5.0,5.0,5.0,40
qwen3-emb-4b,compartment,5,0.5,20,part,answerable,leaked,0.0,0.0,0.0,40
qwen3-emb-4b,compartment,5,0.5,20,part,answerable,recall,0.7637990367395141,0.7222246881093164,0.8215980392156863,40
qwen3-emb-4b,compartment,5,0.5,20,part,unanswerable,any_hit,0.029075858712263147,0.008351436659803804,0.05101167788500526,40
qwen3-emb-4b,compartment,5,0.5,20,part,unanswerable,authorized,1.0,1.0,1.0,40
qwen3-emb-4b,compartment,5,0.5,20,part,unanswerable,context_size,5.0,5.0,5.0,40
qwen3-emb-4b,compartment,5,0.5,20,part,unanswerable,leaked,0.0,0.0,0.0,40
qwen3-emb-4b,compartment,5,0.5,20,part,unanswerable,recall,0.012181481727888471,0.00333264893928384,0.022107875488093266,40
qwen3-emb-4b,compartment,5,0.5,20,post,all,authorized,1.0,1.0,1.0,40
qwen3-emb-4b,compartment,5,0.5,20,post,all,context_size,2.3674,1.33685,3.3250499999999996,40
qwen3-emb-4b,compartment,5,0.5,20,post,all,leaked,0.0,0.0,0.0,40
qwen3-emb-4b,compartment,5,0.5,20,post,all,recall,0.3394075,0.19282083333333336,0.48121249999999993,40
qwen3-emb-4b,compartment,5,0.5,20,post,answerable,any_hit,0.7983513334325625,0.7664696412891476,0.8551323529411764,40
qwen3-emb-4b,compartment,5,0.5,20,post,answerable,authorized,1.0,1.0,1.0,40
qwen3-emb-4b,compartment,5,0.5,20,post,answerable,context_size,4.220844016373476,3.905592252575011,4.540232086525462,40
qwen3-emb-4b,compartment,5,0.5,20,post,answerable,leaked,0.0,0.0,0.0,40
qwen3-emb-4b,compartment,5,0.5,20,post,answerable,recall,0.7426203740752106,0.710020820460286,0.801546568627451,40
qwen3-emb-4b,compartment,5,0.5,20,post,unanswerable,any_hit,0.027597974281093403,0.008215567094586412,0.05089206066012489,40
qwen3-emb-4b,compartment,5,0.5,20,post,unanswerable,authorized,1.0,1.0,1.0,40
qwen3-emb-4b,compartment,5,0.5,20,post,unanswerable,context_size,0.863262996218128,0.41014075031658925,1.3335253456221197,40
qwen3-emb-4b,compartment,5,0.5,20,post,unanswerable,leaked,0.0,0.0,0.0,40
qwen3-emb-4b,compartment,5,0.5,20,post,unanswerable,recall,0.011331702238595278,0.0032760366204432605,0.020949537750385206,40
qwen3-emb-4b,compartment,5,0.5,20,pre,all,authorized,1.0,1.0,1.0,40
qwen3-emb-4b,compartment,5,0.5,20,pre,all,context_size,5.0,5.0,5.0,40
qwen3-emb-4b,compartment,5,0.5,20,pre,all,leaked,0.0,0.0,0.0,40
qwen3-emb-4b,compartment,5,0.5,20,pre,all,recall,0.3488908333333333,0.2021875,0.49311249999999995,40
qwen3-emb-4b,compartment,5,0.5,20,pre,answerable,any_hit,0.8213927641686514,0.7835645102484029,0.8851176470588236,40
qwen3-emb-4b,compartment,5,0.5,20,pre,answerable,authorized,1.0,1.0,1.0,40
qwen3-emb-4b,compartment,5,0.5,20,pre,answerable,context_size,5.0,5.0,5.0,40
qwen3-emb-4b,compartment,5,0.5,20,pre,answerable,leaked,0.0,0.0,0.0,40
qwen3-emb-4b,compartment,5,0.5,20,pre,answerable,recall,0.7637990367395141,0.7222246881093164,0.8215980392156863,40
qwen3-emb-4b,compartment,5,0.5,20,pre,unanswerable,any_hit,0.029075858712263147,0.008351436659803804,0.05101167788500526,40
qwen3-emb-4b,compartment,5,0.5,20,pre,unanswerable,authorized,1.0,1.0,1.0,40
qwen3-emb-4b,compartment,5,0.5,20,pre,unanswerable,context_size,5.0,5.0,5.0,40
qwen3-emb-4b,compartment,5,0.5,20,pre,unanswerable,leaked,0.0,0.0,0.0,40
qwen3-emb-4b,compartment,5,0.5,20,pre,unanswerable,recall,0.012181481727888471,0.00333264893928384,0.022107875488093266,40
qwen3-emb-4b,compartment,5,0.75,30,_policy,all,answerable_rate,0.7398,0.5813499999999999,0.89205,40
qwen3-emb-4b,compartment,5,0.75,30,_policy,all,authorized_passages,0.7507051183522903,0.566909391331079,0.9069839379034736,40
qwen3-emb-4b,compartment,5,0.75,30,_q,answerable,n,1.0,1.0,1.0,40
qwen3-emb-4b,compartment,5,0.75,30,_q,unanswerable,n,1.0,1.0,1.0,40
qwen3-emb-4b,compartment,5,0.75,30,none,all,authorized,0.61385,0.445,0.8342499999999999,40
qwen3-emb-4b,compartment,5,0.75,30,none,all,context_size,5.0,5.0,5.0,40
qwen3-emb-4b,compartment,5,0.75,30,none,all,leaked,1.24775,0.4997,1.9556999999999998,40
qwen3-emb-4b,compartment,5,0.75,30,none,all,recall,0.7193999999999999,0.7193999999999999,0.7193999999999999,40
qwen3-emb-4b,compartment,5,0.75,30,none,answerable,any_hit,0.7886196519226163,0.7651022685781602,0.805888037779727,40
qwen3-emb-4b,compartment,5,0.75,30,none,answerable,authorized,0.7997116128263053,0.7014364347448215,0.921807942336052,40
qwen3-emb-4b,compartment,5,0.75,30,none,answerable,context_size,5.0,5.0,5.0,40
qwen3-emb-4b,compartment,5,0.75,30,none,answerable,leaked,0.38301779940315583,0.12986978461291518,0.5588835642895079,40
qwen3-emb-4b,compartment,5,0.75,30,none,answerable,recall,0.726158153871404,0.6996072107790994,0.7516738900616705,40
qwen3-emb-4b,compartment,5,0.75,30,none,unanswerable,any_hit,0.7927345135172877,0.7350367647058824,0.8742105263157895,40
qwen3-emb-4b,compartment,5,0.75,30,none,unanswerable,authorized,0.07988520276792332,0.035615904365904366,0.17115131578947368,40
qwen3-emb-4b,compartment,5,0.75,30,none,unanswerable,context_size,5.0,5.0,5.0,40
qwen3-emb-4b,compartment,5,0.75,30,none,unanswerable,leaked,3.685241130736686,3.0615712074303407,4.083532608695652,40
qwen3-emb-4b,compartment,5,0.75,30,none,unanswerable,recall,0.7025149708688294,0.630033394607843,0.7925877192982457,40
qwen3-emb-4b,compartment,5,0.75,30,part,all,authorized,1.0,1.0,1.0,40
qwen3-emb-4b,compartment,5,0.75,30,part,all,context_size,5.0,5.0,5.0,40
qwen3-emb-4b,compartment,5,0.75,30,part,all,leaked,0.0,0.0,0.0,40
qwen3-emb-4b,compartment,5,0.75,30,part,all,recall,0.5489658333333334,0.45314583333333336,0.6489333333333334,40
qwen3-emb-4b,compartment,5,0.75,30,part,answerable,any_hit,0.7990857855026853,0.7728457918318666,0.8317978966304573,40
qwen3-emb-4b,compartment,5,0.75,30,part,answerable,authorized,1.0,1.0,1.0,40
qwen3-emb-4b,compartment,5,0.75,30,part,answerable,context_size,5.0,5.0,5.0,40
qwen3-emb-4b,compartment,5,0.75,30,part,answerable,leaked,0.0,0.0,0.0,40
qwen3-emb-4b,compartment,5,0.75,30,part,answerable,recall,0.7358866998289335,0.7096705831157529,0.7717446925667105,40
qwen3-emb-4b,compartment,5,0.75,30,part,unanswerable,any_hit,0.05122396880669746,0.02279840848806366,0.11129385964912279,40
qwen3-emb-4b,compartment,5,0.75,30,part,unanswerable,authorized,1.0,1.0,1.0,40
qwen3-emb-4b,compartment,5,0.75,30,part,unanswerable,context_size,5.0,5.0,5.0,40
qwen3-emb-4b,compartment,5,0.75,30,part,unanswerable,leaked,0.0,0.0,0.0,40
qwen3-emb-4b,compartment,5,0.75,30,part,unanswerable,recall,0.021896426923648394,0.00946711134211134,0.04874025341130604,40
qwen3-emb-4b,compartment,5,0.75,30,post,all,authorized,1.0,1.0,1.0,40
qwen3-emb-4b,compartment,5,0.75,30,post,all,context_size,3.75225,3.0443,4.5003,40
qwen3-emb-4b,compartment,5,0.75,30,post,all,leaked,0.0,0.0,0.0,40
qwen3-emb-4b,compartment,5,0.75,30,post,all,recall,0.5416991666666666,0.44461,0.6459333333333334,40
qwen3-emb-4b,compartment,5,0.75,30,post,answerable,any_hit,0.7886196519226163,0.7651022685781602,0.805888037779727,40
qwen3-emb-4b,compartment,5,0.75,30,post,answerable,authorized,1.0,1.0,1.0,40
qwen3-emb-4b,compartment,5,0.75,30,post,answerable,context_size,4.616982200596844,4.441116435710493,4.870130215387085,40
qwen3-emb-4b,compartment,5,0.75,30,post,answerable,leaked,0.0,0.0,0.0,40
qwen3-emb-4b,compartment,5,0.75,30,post,answerable,recall,0.726158153871404,0.6996072107790994,0.7516738900616705,40
qwen3-emb-4b,compartment,5,0.75,30,post,unanswerable,any_hit,0.04848548934121423,0.02279840848806366,0.11129385964912279,40
qwen3-emb-4b,compartment,5,0.75,30,post,unanswerable,authorized,1.0,1.0,1.0,40
qwen3-emb-4b,compartment,5,0.75,30,post,unanswerable,context_size,1.3147588692633145,0.9164673913043478,1.938428792569659,40
qwen3-emb-4b,compartment,5,0.75,30,post,unanswerable,leaked,0.0,0.0,0.0,40
qwen3-emb-4b,compartment,5,0.75,30,post,unanswerable,recall,0.0203223243494356,0.007363563121759844,0.04874025341130604,40
qwen3-emb-4b,compartment,5,0.75,30,pre,all,authorized,1.0,1.0,1.0,40
qwen3-emb-4b,compartment,5,0.75,30,pre,all,context_size,5.0,5.0,5.0,40
qwen3-emb-4b,compartment,5,0.75,30,pre,all,leaked,0.0,0.0,0.0,40
qwen3-emb-4b,compartment,5,0.75,30,pre,all,recall,0.5489658333333334,0.45314583333333336,0.6489333333333334,40
qwen3-emb-4b,compartment,5,0.75,30,pre,answerable,any_hit,0.7990857855026853,0.7728457918318666,0.8317978966304573,40
qwen3-emb-4b,compartment,5,0.75,30,pre,answerable,authorized,1.0,1.0,1.0,40
qwen3-emb-4b,compartment,5,0.75,30,pre,answerable,context_size,5.0,5.0,5.0,40
qwen3-emb-4b,compartment,5,0.75,30,pre,answerable,leaked,0.0,0.0,0.0,40
qwen3-emb-4b,compartment,5,0.75,30,pre,answerable,recall,0.7358866998289335,0.7096705831157529,0.7717446925667105,40
qwen3-emb-4b,compartment,5,0.75,30,pre,unanswerable,any_hit,0.05122396880669746,0.02279840848806366,0.11129385964912279,40
qwen3-emb-4b,compartment,5,0.75,30,pre,unanswerable,authorized,1.0,1.0,1.0,40
qwen3-emb-4b,compartment,5,0.75,30,pre,unanswerable,context_size,5.0,5.0,5.0,40
qwen3-emb-4b,compartment,5,0.75,30,pre,unanswerable,leaked,0.0,0.0,0.0,40
qwen3-emb-4b,compartment,5,0.75,30,pre,unanswerable,recall,0.021896426923648394,0.00946711134211134,0.04874025341130604,40
qwen3-emb-4b,compartment,5,0.9,36,_policy,all,answerable_rate,0.8848499999999999,0.7977500000000001,0.9724499999999999,40
qwen3-emb-4b,compartment,5,0.9,36,_policy,all,authorized_passages,0.8972410083000307,0.753975176759914,0.9809675683984014,40
qwen3-emb-4b,compartment,5,0.9,36,_q,answerable,n,1.0,1.0,1.0,40
qwen3-emb-4b,compartment,5,0.9,36,_q,unanswerable,n,1.0,1.0,1.0,40
qwen3-emb-4b,compartment,5,0.9,36,none,all,authorized,0.8215999999999999,0.7134499999999999,0.9365,40
qwen3-emb-4b,compartment,5,0.9,36,none,all,context_size,5.0,5.0,5.0,40
qwen3-emb-4b,compartment,5,0.9,36,none,all,leaked,0.53495,0.1532,0.93615,40
qwen3-emb-4b,compartment,5,0.9,36,none,all,recall,0.7193999999999999,0.7193999999999999,0.7193999999999999,40
qwen3-emb-4b,compartment,5,0.9,36,none,answerable,any_hit,0.7895629533315371,0.7756358287021902,0.8022269076305221,40
qwen3-emb-4b,compartment,5,0.9,36,none,answerable,authorized,0.9140636465088845,0.8416730695351518,0.967324295765573,40
qwen3-emb-4b,compartment,5,0.9,36,none,answerable,context_size,5.0,5.0,5.0,40
qwen3-emb-4b,compartment,5,0.9,36,none,answerable,leaked,0.15230595437735772,0.05134575569358178,0.26265641293013553,40
qwen3-emb-4b,compartment,5,0.9,36,none,answerable,recall,0.7242412834659655,0.7040446360466384,0.7390905797101449,40
qwen3-emb-4b,compartment,5,0.9,36,none,unanswerable,any_hit,0.7816680228223539,0.6596764705882353,0.8969640179910044,40
qwen3-emb-4b,compartment,5,0.9,36,none,unanswerable,authorized,0.10946916652228511,0.0,0.269375,40
qwen3-emb-4b,compartment,5,0.9,36,none,unanswerable,context_size,5.0,5.0,5.0,40
qwen3-emb-4b,compartment,5,0.9,36,none,unanswerable,leaked,3.411510812570114,2.260596546310832,4.059117647058823,40
qwen3-emb-4b,compartment,5,0.9,36,none,unanswerable,recall,0.6866390983809193,0.5275735294117647,0.8342391304347826,40
qwen3-emb-4b,compartment,5,0.9,36,part,all,authorized,1.0,1.0,1.0,40
qwen3-emb-4b,compartment,5,0.9,36,part,all,context_size,5.0,5.0,5.0,40
qwen3-emb-4b,compartment,5,0.9,36,part,all,leaked,0.0,0.0,0.0,40
qwen3-emb-4b,compartment,5,0.9,36,part,all,recall,0.6461058333333334,0.5842625,0.7020416666666667,40
qwen3-emb-4b,compartment,5,0.9,36,part,answerable,any_hit,0.7931556489157625,0.7784984760790592,0.8089076305220884,40
qwen3-emb-4b,compartment,5,0.9,36,part,answerable,authorized,1.0,1.0,1.0,40
qwen3-emb-4b,compartment,5,0.9,36,part,answerable,context_size,5.0,5.0,5.0,40
qwen3-emb-4b,compartment,5,0.9,36,part,answerable,leaked,0.0,0.0,0.0,40
qwen3-emb-4b,compartment,5,0.9,36,part,answerable,recall,0.7275568256845921,0.7100133058323328,0.7446582125603866,40
qwen3-emb-4b,compartment,5,0.9,36,part,unanswerable,any_hit,0.0533917474271556,0.0,0.11145833333333331,40
qwen3-emb-4b,compartment,5,0.9,36,part,unanswerable,authorized,1.0,1.0,1.0,40
qwen3-emb-4b,compartment,5,0.9,36,part,unanswerable,context_size,5.0,5.0,5.0,40
qwen3-emb-4b,compartment,5,0.9,36,part,unanswerable,leaked,0.0,0.0,0.0,40
qwen3-emb-4b,compartment,5,0.9,36,part,unanswerable,recall,0.021151885850325673,0.0,0.04543055555555554,40
qwen3-emb-4b,compartment,5,0.9,36,post,all,authorized,1.0,1.0,1.0,40
qwen3-emb-4b,compartment,5,0.9,36,post,all,context_size,4.46505,4.06385,4.8468,40
qwen3-emb-4b,compartment,5,0.9,36,post,all,leaked,0.0,0.0,0.0,40
qwen3-emb-4b,compartment,5,0.9,36,post,all,recall,0.6431475,0.5825625,0.701975,40
qwen3-emb-4b,compartment,5,0.9,36,post,answerable,any_hit,0.7895629533315371,0.7756358287021902,0.8022269076305221,40
qwen3-emb-4b,compartment,5,0.9,36,post,answerable,authorized,1.0,1.0,1.0,40
qwen3-emb-4b,compartment,5,0.9,36,post,answerable,context_size,4.847694045622641,4.737343587069865,4.948654244306418,40
qwen3-emb-4b,compartment,5,0.9,36,post,answerable,leaked,0.0,0.0,0.0,40
qwen3-emb-4b,compartment,5,0.9,36,post,answerable,recall,0.7242412834659655,0.7040446360466384,0.7390905797101449,40
qwen3-emb-4b,compartment,5,0.9,36,post,unanswerable,any_hit,0.05166522523933311,0.0,0.11145833333333331,40
qwen3-emb-4b,compartment,5,0.9,36,post,unanswerable,authorized,1.0,1.0,1.0,40
qwen3-emb-4b,compartment,5,0.9,36,post,unanswerable,context_size,1.5884891874298859,0.9408823529411765,2.739403453689168,40
qwen3-emb-4b,compartment,5,0.9,36,post,unanswerable,leaked,0.0,0.0,0.0,40
qwen3-emb-4b,compartment,5,0.9,36,post,unanswerable,recall,0.02020359074280898,0.0,0.04543055555555554,40
qwen3-emb-4b,compartment,5,0.9,36,pre,all,authorized,1.0,1.0,1.0,40
qwen3-emb-4b,compartment,5,0.9,36,pre,all,context_size,5.0,5.0,5.0,40
qwen3-emb-4b,compartment,5,0.9,36,pre,all,leaked,0.0,0.0,0.0,40
qwen3-emb-4b,compartment,5,0.9,36,pre,all,recall,0.6461058333333334,0.5842625,0.7020416666666667,40
qwen3-emb-4b,compartment,5,0.9,36,pre,answerable,any_hit,0.7931556489157625,0.7784984760790592,0.8089076305220884,40
qwen3-emb-4b,compartment,5,0.9,36,pre,answerable,authorized,1.0,1.0,1.0,40
qwen3-emb-4b,compartment,5,0.9,36,pre,answerable,context_size,5.0,5.0,5.0,40
qwen3-emb-4b,compartment,5,0.9,36,pre,answerable,leaked,0.0,0.0,0.0,40
qwen3-emb-4b,compartment,5,0.9,36,pre,answerable,recall,0.7275568256845921,0.7100133058323328,0.7446582125603866,40
qwen3-emb-4b,compartment,5,0.9,36,pre,unanswerable,any_hit,0.0533917474271556,0.0,0.11145833333333331,40
qwen3-emb-4b,compartment,5,0.9,36,pre,unanswerable,authorized,1.0,1.0,1.0,40
qwen3-emb-4b,compartment,5,0.9,36,pre,unanswerable,context_size,5.0,5.0,5.0,40
qwen3-emb-4b,compartment,5,0.9,36,pre,unanswerable,leaked,0.0,0.0,0.0,40
qwen3-emb-4b,compartment,5,0.9,36,pre,unanswerable,recall,0.021151885850325673,0.0,0.04543055555555554,40
qwen3-emb-4b,addressee,5,0.1,1,_policy,all,answerable_rate,0.10194999999999999,0.004,0.604,40
qwen3-emb-4b,addressee,5,0.1,1,_policy,all,authorized_passages,0.11110897632954195,0.006762988011066708,0.6558561328004918,40
qwen3-emb-4b,addressee,5,0.1,1,_q,answerable,n,1.0,1.0,1.0,40
qwen3-emb-4b,addressee,5,0.1,1,_q,unanswerable,n,1.0,1.0,1.0,40
qwen3-emb-4b,addressee,5,0.1,1,none,all,authorized,0.05645,0.004,0.34,40
qwen3-emb-4b,addressee,5,0.1,1,none,all,context_size,5.0,5.0,5.0,40
qwen3-emb-4b,addressee,5,0.1,1,none,all,leaked,4.445600000000001,2.1,4.966,40
qwen3-emb-4b,addressee,5,0.1,1,none,all,recall,0.7193999999999999,0.7193999999999999,0.7193999999999999,40
qwen3-emb-4b,addressee,5,0.1,1,none,answerable,any_hit,0.7342822520180873,0.5,0.9565217391304348,40
qwen3-emb-4b,addressee,5,0.1,1,none,answerable,authorized,0.5918942781450705,0.3917525773195876,1.0,40
qwen3-emb-4b,addressee,5,0.1,1,none,answerable,context_size,5.0,5.0,5.0,40
qwen3-emb-4b,addressee,5,0.1,1,none,answerable,leaked,1.256788030257131,0.0,2.5,40
qwen3-emb-4b,addressee,5,0.1,1,none,answerable,recall,0.7171610702555856,0.5,0.9347826086956522,40
qwen3-emb-4b,addressee,5,0.1,1,none,unanswerable,any_hit,0.7879329527214918,0.779874213836478,0.797979797979798,40
qwen3-emb-4b,addressee,5,0.1,1,none,unanswerable,authorized,0.00974924537006095,0.0,0.06565656565656566,40
qwen3-emb-4b,addressee,5,0.1,1,none,unanswerable,context_size,5.0,5.0,5.0,40
qwen3-emb-4b,addressee,5,0.1,1,none,unanswerable,leaked,4.747368392702779,3.787878787878788,4.987854251012146,40
qwen3-emb-4b,addressee,5,0.1,1,none,unanswerable,recall,0.7154050441362507,0.7090146750524109,0.7220647773279352,40
qwen3-emb-4b,addressee,5,0.1,1,part,all,authorized,1.0,1.0,1.0,40
qwen3-emb-4b,addressee,5,0.1,1,part,all,context_size,5.0,5.0,5.0,40
qwen3-emb-4b,addressee,5,0.1,1,part,all,leaked,0.0,0.0,0.0,40
qwen3-emb-4b,addressee,5,0.1,1,part,all,recall,0.08453166666666666,0.002,0.4615666666666667,40
qwen3-emb-4b,addressee,5,0.1,1,part,answerable,any_hit,0.8183136927626637,0.5,1.0,40
qwen3-emb-4b,addressee,5,0.1,1,part,answerable,authorized,1.0,1.0,1.0,40
qwen3-emb-4b,addressee,5,0.1,1,part,answerable,context_size,5.0,5.0,5.0,40
qwen3-emb-4b,addressee,5,0.1,1,part,answerable,leaked,0.0,0.0,0.0,40
qwen3-emb-4b,addressee,5,0.1,1,part,answerable,recall,0.8019839131075333,0.5,0.9782608695652174,40
qwen3-emb-4b,addressee,5,0.1,1,part,unanswerable,any_hit,0.01031418227943759,0.0,0.045454545454545456,40
qwen3-emb-4b,addressee,5,0.1,1,part,unanswerable,authorized,1.0,1.0,1.0,40
qwen3-emb-4b,addressee,5,0.1,1,part,unanswerable,context_size,5.0,5.0,5.0,40
qwen3-emb-4b,addressee,5,0.1,1,part,unanswerable,leaked,0.0,0.0,0.0,40
qwen3-emb-4b,addressee,5,0.1,1,part,unanswerable,recall,0.00423947560250496,0.0,0.01658249158249158,40
qwen3-emb-4b,addressee,5,0.1,1,post,all,authorized,1.0,1.0,1.0,40
qwen3-emb-4b,addressee,5,0.1,1,post,all,context_size,0.5544,0.034,2.9,40
qwen3-emb-4b,addressee,5,0.1,1,post,all,leaked,0.0,0.0,0.0,40
qwen3-emb-4b,addressee,5,0.1,1,post,all,recall,0.07873166666666667,0.002,0.44389999999999996,40
qwen3-emb-4b,addressee,5,0.1,1,post,answerable,any_hit,0.7342822520180873,0.5,0.9565217391304348,40
qwen3-emb-4b,addressee,5,0.1,1,post,answerable,authorized,1.0,1.0,1.0,40
qwen3-emb-4b,addressee,5,0.1,1,post,answerable,context_size,3.7432119697428687,2.5,5.0,40
qwen3-emb-4b,addressee,5,0.1,1,post,answerable,leaked,0.0,0.0,0.0,40
qwen3-emb-4b,addressee,5,0.1,1,post,answerable,recall,0.7171610702555856,0.5,0.9347826086956522,40
qwen3-emb-4b,addressee,5,0.1,1,post,unanswerable,any_hit,0.008474326474174312,0.0,0.045454545454545456,40
qwen3-emb-4b,addressee,5,0.1,1,post,unanswerable,authorized,1.0,1.0,1.0,40
qwen3-emb-4b,addressee,5,0.1,1,post,unanswerable,context_size,0.2526316072972207,0.012145748987854251,1.2121212121212122,40
qwen3-emb-4b,addressee,5,0.1,1,post,unanswerable,leaked,0.0,0.0,0.0,40
qwen3-emb-4b,addressee,5,0.1,1,post,unanswerable,recall,0.003388847769173393,0.0,0.01658249158249158,40
qwen3-emb-4b,addressee,5,0.1,1,pre,all,authorized,1.0,1.0,1.0,40
qwen3-emb-4b,addressee,5,0.1,1,pre,all,context_size,5.0,5.0,5.0,40
qwen3-emb-4b,addressee,5,0.1,1,pre,all,leaked,0.0,0.0,0.0,40
qwen3-emb-4b,addressee,5,0.1,1,pre,all,recall,0.08453166666666666,0.002,0.4615666666666667,40
qwen3-emb-4b,addressee,5,0.1,1,pre,answerable,any_hit,0.8183136927626637,0.5,1.0,40
qwen3-emb-4b,addressee,5,0.1,1,pre,answerable,authorized,1.0,1.0,1.0,40
qwen3-emb-4b,addressee,5,0.1,1,pre,answerable,context_size,5.0,5.0,5.0,40
qwen3-emb-4b,addressee,5,0.1,1,pre,answerable,leaked,0.0,0.0,0.0,40
qwen3-emb-4b,addressee,5,0.1,1,pre,answerable,recall,0.8019839131075333,0.5,0.9782608695652174,40
qwen3-emb-4b,addressee,5,0.1,1,pre,unanswerable,any_hit,0.01031418227943759,0.0,0.045454545454545456,40
qwen3-emb-4b,addressee,5,0.1,1,pre,unanswerable,authorized,1.0,1.0,1.0,40
qwen3-emb-4b,addressee,5,0.1,1,pre,unanswerable,context_size,5.0,5.0,5.0,40
qwen3-emb-4b,addressee,5,0.1,1,pre,unanswerable,leaked,0.0,0.0,0.0,40
qwen3-emb-4b,addressee,5,0.1,1,pre,unanswerable,recall,0.00423947560250496,0.0,0.01658249158249158,40
qwen3-emb-4b,addressee,5,0.25,2,_policy,all,answerable_rate,0.2932,0.041350000000000005,0.6583999999999998,40
qwen3-emb-4b,addressee,5,0.25,2,_policy,all,authorized_passages,0.3121695358130956,0.050409237626806026,0.7163483707347063,40
qwen3-emb-4b,addressee,5,0.25,2,_q,answerable,n,1.0,1.0,1.0,40
qwen3-emb-4b,addressee,5,0.25,2,_q,unanswerable,n,1.0,1.0,1.0,40
qwen3-emb-4b,addressee,5,0.25,2,none,all,authorized,0.17535,0.02365,0.4224499999999996,40
qwen3-emb-4b,addressee,5,0.25,2,none,all,context_size,5.0,5.0,5.0,40
qwen3-emb-4b,addressee,5,0.25,2,none,all,leaked,3.4644999999999997,1.7671500000000002,4.73095,40
qwen3-emb-4b,addressee,5,0.25,2,none,all,recall,0.7193999999999999,0.7193999999999999,0.7193999999999999,40
qwen3-emb-4b,addressee,5,0.25,2,none,answerable,any_hit,0.8148690903160766,0.7553571428571428,0.9318181818181818,40
qwen3-emb-4b,addressee,5,0.25,2,none,answerable,authorized,0.5408726334659487,0.40404040404040403,0.6433975903614456,40
qwen3-emb-4b,addressee,5,0.25,2,none,answerable,context_size,5.0,5.0,5.0,40
qwen3-emb-4b,addressee,5,0.25,2,none,answerable,leaked,1.114299467424597,0.7112168674698796,1.6718749999999998,40
qwen3-emb-4b,addressee,5,0.25,2,none,answerable,recall,0.7808755782244655,0.7125030120481929,0.9,40
qwen3-emb-4b,addressee,5,0.25,2,none,unanswerable,any_hit,0.7881875060183349,0.7741228070175439,0.8064197720973205,40
qwen3-emb-4b,addressee,5,0.25,2,none,unanswerable,authorized,0.03310913698042791,0.0,0.08331349880992846,40
qwen3-emb-4b,addressee,5,0.25,2,none,unanswerable,context_size,5.0,5.0,5.0,40
qwen3-emb-4b,addressee,5,0.25,2,none,unanswerable,leaked,4.3183806144147265,3.6533150548354936,4.931027328983481,40
qwen3-emb-4b,addressee,5,0.25,2,none,unanswerable,recall,0.7084804910441334,0.6909441233140655,0.7230550573888092,40
qwen3-emb-4b,addressee,5,0.25,2,part,all,authorized,1.0,1.0,1.0,40
qwen3-emb-4b,addressee,5,0.25,2,part,all,context_size,5.0,5.0,5.0,40
qwen3-emb-4b,addressee,5,0.25,2,part,all,leaked,0.0,0.0,0.0,40
qwen3-emb-4b,addressee,5,0.25,2,part,all,recall,0.23512166666666667,0.035699999999999996,0.5057791666666664,40
qwen3-emb-4b,addressee,5,0.25,2,part,answerable,any_hit,0.8610466257166542,0.7838780120481927,0.9772727272727273,40
qwen3-emb-4b,addressee,5,0.25,2,part,answerable,authorized,1.0,1.0,1.0,40
qwen3-emb-4b,addressee,5,0.25,2,part,answerable,context_size,5.0,5.0,5.0,40
qwen3-emb-4b,addressee,5,0.25,2,part,answerable,leaked,0.0,0.0,0.0,40
qwen3-emb-4b,addressee,5,0.25,2,part,answerable,recall,0.8293720101328482,0.7203268072289157,0.94,40
qwen3-emb-4b,addressee,5,0.25,2,part,unanswerable,any_hit,0.02836456562239813,0.0021034445870774495,0.0581230873852431,40
qwen3-emb-4b,addressee,5,0.25,2,part,unanswerable,authorized,1.0,1.0,1.0,40
qwen3-emb-4b,addressee,5,0.25,2,part,unanswerable,context_size,5.0,5.0,5.0,40
qwen3-emb-4b,addressee,5,0.25,2,part,unanswerable,leaked,0.0,0.0,0.0,40
qwen3-emb-4b,addressee,5,0.25,2,part,unanswerable,recall,0.011461729028848308,0.0007017543859649122,0.021718610739750434,40
qwen3-emb-4b,addressee,5,0.25,2,post,all,authorized,1.0,1.0,1.0,40
qwen3-emb-4b,addressee,5,0.25,2,post,all,context_size,1.5355,0.26905,3.2328499999999987,40
qwen3-emb-4b,addressee,5,0.25,2,post,all,leaked,0.0,0.0,0.0,40
qwen3-emb-4b,addressee,5,0.25,2,post,all,recall,0.223705,0.03205000000000001,0.4904041666666665,40
qwen3-emb-4b,addressee,5,0.25,2,post,answerable,any_hit,0.8148690903160766,0.7553571428571428,0.9318181818181818,40
qwen3-emb-4b,addressee,5,0.25,2,post,answerable,authorized,1.0,1.0,1.0,40
qwen3-emb-4b,addressee,5,0.25,2,post,answerable,context_size,3.8857005325754033,3.328125,4.288783132530121,40
qwen3-emb-4b,addressee,5,0.25,2,post,answerable,leaked,0.0,0.0,0.0,40
qwen3-emb-4b,addressee,5,0.25,2,post,answerable,recall,0.7808755782244655,0.7125030120481929,0.9,40
qwen3-emb-4b,addressee,5,0.25,2,post,unanswerable,any_hit,0.025699430373414035,0.0020354906054279747,0.0581230873852431,40
qwen3-emb-4b,addressee,5,0.25,2,post,unanswerable,authorized,1.0,1.0,1.0,40
qwen3-emb-4b,addressee,5,0.25,2,post,unanswerable,context_size,0.6816193855852729,0.06897267101651909,1.346684945164506,40
qwen3-emb-4b,addressee,5,0.25,2,post,unanswerable,leaked,0.0,0.0,0.0,40
qwen3-emb-4b,addressee,5,0.25,2,post,unanswerable,recall,0.010186454537191785,0.0006784968684759916,0.021718610739750434,40
qwen3-emb-4b,addressee,5,0.25,2,pre,all,authorized,1.0,1.0,1.0,40
qwen3-emb-4b,addressee,5,0.25,2,pre,all,context_size,5.0,5.0,5.0,40
qwen3-emb-4b,addressee,5,0.25,2,pre,all,leaked,0.0,0.0,0.0,40
qwen3-emb-4b,addressee,5,0.25,2,pre,all,recall,0.23512166666666667,0.035699999999999996,0.5057791666666664,40
qwen3-emb-4b,addressee,5,0.25,2,pre,answerable,any_hit,0.8610466257166542,0.7838780120481927,0.9772727272727273,40
qwen3-emb-4b,addressee,5,0.25,2,pre,answerable,authorized,1.0,1.0,1.0,40
qwen3-emb-4b,addressee,5,0.25,2,pre,answerable,context_size,5.0,5.0,5.0,40
qwen3-emb-4b,addressee,5,0.25,2,pre,answerable,leaked,0.0,0.0,0.0,40
qwen3-emb-4b,addressee,5,0.25,2,pre,answerable,recall,0.8293720101328482,0.7203268072289157,0.94,40
qwen3-emb-4b,addressee,5,0.25,2,pre,unanswerable,any_hit,0.02836456562239813,0.0021034445870774495,0.0581230873852431,40
qwen3-emb-4b,addressee,5,0.25,2,pre,unanswerable,authorized,1.0,1.0,1.0,40
qwen3-emb-4b,addressee,5,0.25,2,pre,unanswerable,context_size,5.0,5.0,5.0,40
qwen3-emb-4b,addressee,5,0.25,2,pre,unanswerable,leaked,0.0,0.0,0.0,40
qwen3-emb-4b,addressee,5,0.25,2,pre,unanswerable,recall,0.011461729028848308,0.0007017543859649122,0.021718610739750434,40
qwen3-emb-4b,addressee,5,0.5,4,_policy,all,answerable_rate,0.5425000000000001,0.094,0.92605,40
qwen3-emb-4b,addressee,5,0.5,4,_policy,all,authorized_passages,0.5594950814632647,0.12058100215185982,0.9223293882569935,40
qwen3-emb-4b,addressee,5,0.5,4,_q,answerable,n,1.0,1.0,1.0,40
qwen3-emb-4b,addressee,5,0.5,4,_q,unanswerable,n,1.0,1.0,1.0,40
qwen3-emb-4b,addressee,5,0.5,4,none,all,authorized,0.4140499999999999,0.054,0.89,40
qwen3-emb-4b,addressee,5,0.5,4,none,all,context_size,5.0,5.0,5.0,40
qwen3-emb-4b,addressee,5,0.5,4,none,all,leaked,2.1804,0.32575000000000004,4.374,40
qwen3-emb-4b,addressee,5,0.5,4,none,all,recall,0.7193999999999999,0.7193999999999999,0.7193999999999999,40
qwen3-emb-4b,addressee,5,0.5,4,none,answerable,any_hit,0.7961723203827085,0.7788235294117647,0.8769230769230769,40
qwen3-emb-4b,addressee,5,0.5,4,none,answerable,authorized,0.6521162966965215,0.4765625,0.9460043196544277,40
qwen3-emb-4b,addressee,5,0.5,4,none,answerable,context_size,5.0,5.0,5.0,40
qwen3-emb-4b,addressee,5,0.5,4,none,answerable,leaked,0.7786904679148957,0.07775377969762419,1.4680851063829787,40
qwen3-emb-4b,addressee,5,0.5,4,none,answerable,recall,0.7499905885050901,0.7128235294117646,0.8461538461538461,40
qwen3-emb-4b,addressee,5,0.5,4,none,unanswerable,any_hit,0.7957974276518929,0.7746326614141001,0.84,40
qwen3-emb-4b,addressee,5,0.5,4,none,unanswerable,authorized,0.09395393194896147,0.004415011037527594,0.25979406130268196,40
qwen3-emb-4b,addressee,5,0.5,4,none,unanswerable,context_size,5.0,5.0,5.0,40
qwen3-emb-4b,addressee,5,0.5,4,none,unanswerable,leaked,3.7771753904279564,2.913793103448276,4.706666666666667,40
qwen3-emb-4b,addressee,5,0.5,4,none,unanswerable,recall,0.7059934408626259,0.6763569604086845,0.7566666666666667,40
qwen3-emb-4b,addressee,5,0.5,4,part,all,authorized,1.0,1.0,1.0,40
qwen3-emb-4b,addressee,5,0.5,4,part,all,context_size,5.0,5.0,5.0,40
qwen3-emb-4b,addressee,5,0.5,4,part,all,leaked,0.0,0.0,0.0,40
qwen3-emb-4b,addressee,5,0.5,4,part,all,recall,0.4129616666666667,0.07733333333333332,0.6689,40
qwen3-emb-4b,addressee,5,0.5,4,part,answerable,any_hit,0.8219891251874983,0.7835294117647059,0.8923076923076924,40
qwen3-emb-4b,addressee,5,0.5,4,part,answerable,authorized,1.0,1.0,1.0,40
qwen3-emb-4b,addressee,5,0.5,4,part,answerable,context_size,5.0,5.0,5.0,40
qwen3-emb-4b,addressee,5,0.5,4,part,answerable,leaked,0.0,0.0,0.0,40
qwen3-emb-4b,addressee,5,0.5,4,part,answerable,recall,0.7756954929824005,0.7175257947623493,0.8615384615384616,40
qwen3-emb-4b,addressee,5,0.5,4,part,unanswerable,any_hit,0.05595055783478953,0.009195402298850575,0.1206896551724138,40
qwen3-emb-4b,addressee,5,0.5,4,part,unanswerable,authorized,1.0,1.0,1.0,40
qwen3-emb-4b,addressee,5,0.5,4,part,unanswerable,context_size,5.0,5.0,5.0,40
qwen3-emb-4b,addressee,5,0.5,4,part,unanswerable,leaked,0.0,0.0,0.0,40
qwen3-emb-4b,addressee,5,0.5,4,part,unanswerable,recall,0.023331650281178055,0.0034482758620689655,0.05030332056194124,40
qwen3-emb-4b,addressee,5,0.5,4,post,all,authorized,1.0,1.0,1.0,40
qwen3-emb-4b,addressee,5,0.5,4,post,all,context_size,2.8196,0.626,4.674250000000001,40
qwen3-emb-4b,addressee,5,0.5,4,post,all,leaked,0.0,0.0,0.0,40
qwen3-emb-4b,addressee,5,0.5,4,post,all,recall,0.4031366666666667,0.07466666666666666,0.6679250000000001,40
qwen3-emb-4b,addressee,5,0.5,4,post,answerable,any_hit,0.7961723203827085,0.7788235294117647,0.8769230769230769,40
qwen3-emb-4b,addressee,5,0.5,4,post,answerable,authorized,1.0,1.0,1.0,40
qwen3-emb-4b,addressee,5,0.5,4,post,answerable,context_size,4.221309532085104,3.5319148936170213,4.922246220302376,40
qwen3-emb-4b,addressee,5,0.5,4,post,answerable,leaked,0.0,0.0,0.0,40
qwen3-emb-4b,addressee,5,0.5,4,post,answerable,recall,0.7499905885050901,0.7128235294117646,0.8461538461538461,40
qwen3-emb-4b,addressee,5,0.5,4,post,unanswerable,any_hit,0.052470985908645185,0.0044444444444444444,0.1206896551724138,40
qwen3-emb-4b,addressee,5,0.5,4,post,unanswerable,authorized,1.0,1.0,1.0,40
qwen3-emb-4b,addressee,5,0.5,4,post,unanswerable,context_size,1.2228246095720436,0.29333333333333333,2.086206896551724,40
qwen3-emb-4b,addressee,5,0.5,4,post,unanswerable,leaked,0.0,0.0,0.0,40
qwen3-emb-4b,addressee,5,0.5,4,post,unanswerable,recall,0.021636944925135626,0.0014814814814814814,0.05030332056194124,40
qwen3-emb-4b,addressee,5,0.5,4,pre,all,authorized,1.0,1.0,1.0,40
qwen3-emb-4b,addressee,5,0.5,4,pre,all,context_size,5.0,5.0,5.0,40
qwen3-emb-4b,addressee,5,0.5,4,pre,all,leaked,0.0,0.0,0.0,40
qwen3-emb-4b,addressee,5,0.5,4,pre,all,recall,0.4129616666666667,0.07733333333333332,0.6689,40
qwen3-emb-4b,addressee,5,0.5,4,pre,answerable,any_hit,0.8219891251874983,0.7835294117647059,0.8923076923076924,40
qwen3-emb-4b,addressee,5,0.5,4,pre,answerable,authorized,1.0,1.0,1.0,40
qwen3-emb-4b,addressee,5,0.5,4,pre,answerable,context_size,5.0,5.0,5.0,40
qwen3-emb-4b,addressee,5,0.5,4,pre,answerable,leaked,0.0,0.0,0.0,40
qwen3-emb-4b,addressee,5,0.5,4,pre,answerable,recall,0.7756954929824005,0.7175257947623493,0.8615384615384616,40
qwen3-emb-4b,addressee,5,0.5,4,pre,unanswerable,any_hit,0.05595055783478953,0.009195402298850575,0.1206896551724138,40
qwen3-emb-4b,addressee,5,0.5,4,pre,unanswerable,authorized,1.0,1.0,1.0,40
qwen3-emb-4b,addressee,5,0.5,4,pre,unanswerable,context_size,5.0,5.0,5.0,40
qwen3-emb-4b,addressee,5,0.5,4,pre,unanswerable,leaked,0.0,0.0,0.0,40
qwen3-emb-4b,addressee,5,0.5,4,pre,unanswerable,recall,0.023331650281178055,0.0034482758620689655,0.05030332056194124,40
qwen3-emb-4b,addressee,5,0.75,5,_policy,all,answerable_rate,0.6720499999999999,0.29215,0.9487999999999999,40
qwen3-emb-4b,addressee,5,0.75,5,_policy,all,authorized_passages,0.6861896710728559,0.2836516292652936,0.9495907623731938,40
qwen3-emb-4b,addressee,5,0.75,5,_q,answerable,n,1.0,1.0,1.0,40
qwen3-emb-4b,addressee,5,0.75,5,_q,unanswerable,n,1.0,1.0,1.0,40
qwen3-emb-4b,addressee,5,0.75,5,none,all,authorized,0.5589500000000001,0.164,0.90945,40
qwen3-emb-4b,addressee,5,0.75,5,none,all,context_size,5.0,5.0,5.0,40
qwen3-emb-4b,addressee,5,0.75,5,none,all,leaked,1.52075,0.26905,3.2328499999999987,40
qwen3-emb-4b,addressee,5,0.75,5,none,all,recall,0.7193999999999999,0.7193999999999999,0.7193999999999999,40
qwen3-emb-4b,addressee,5,0.75,5,none,answerable,any_hit,0.7937412644938068,0.779510022271715,0.818854033290653,40
qwen3-emb-4b,addressee,5,0.75,5,none,answerable,authorized,0.7317382043000664,0.5,0.9616458196181699,40
qwen3-emb-4b,addressee,5,0.75,5,none,answerable,context_size,5.0,5.0,5.0,40
qwen3-emb-4b,addressee,5,0.75,5,none,answerable,leaked,0.5586756931413388,0.061469716919025676,1.1456958858413637,40
qwen3-emb-4b,addressee,5,0.75,5,none,answerable,recall,0.7413577457078443,0.7112843355605049,0.7856498079385402,40
qwen3-emb-4b,addressee,5,0.75,5,none,unanswerable,any_hit,0.7930196609615396,0.74625,0.8627450980392157,40
qwen3-emb-4b,addressee,5,0.75,5,none,unanswerable,authorized,0.13627827305798806,0.01698517000241138,0.3781249999999998,40
qwen3-emb-4b,addressee,5,0.75,5,none,unanswerable,context_size,5.0,5.0,5.0,40
qwen3-emb-4b,addressee,5,0.75,5,none,unanswerable,leaked,3.52176343869285,2.49921875,4.124535306647375,40
qwen3-emb-4b,addressee,5,0.75,5,none,unanswerable,recall,0.699207558031768,0.6345703125,0.7911933739012847,40
qwen3-emb-4b,addressee,5,0.75,5,part,all,authorized,1.0,1.0,1.0,40
qwen3-emb-4b,addressee,5,0.75,5,part,all,context_size,5.0,5.0,5.0,40
qwen3-emb-4b,addressee,5,0.75,5,part,all,leaked,0.0,0.0,0.0,40
qwen3-emb-4b,addressee,5,0.75,5,part,all,recall,0.5061475,0.24731250000000002,0.6892999999999999,40
qwen3-emb-4b,addressee,5,0.75,5,part,answerable,any_hit,0.8154384094786622,0.7817371937639198,0.8685415122312825,40
qwen3-emb-4b,addressee,5,0.75,5,part,answerable,authorized,1.0,1.0,1.0,40
qwen3-emb-4b,addressee,5,0.75,5,part,answerable,context_size,5.0,5.0,5.0,40
qwen3-emb-4b,addressee,5,0.75,5,part,answerable,leaked,0.0,0.0,0.0,40
qwen3-emb-4b,addressee,5,0.75,5,part,answerable,recall,0.763586214939509,0.7135115070527097,0.8364052496798975,40
qwen3-emb-4b,addressee,5,0.75,5,part,unanswerable,any_hit,0.06768112502810976,0.019409022350198823,0.15734374999999995,40
qwen3-emb-4b,addressee,5,0.75,5,part,unanswerable,authorized,1.0,1.0,1.0,40
qwen3-emb-4b,addressee,5,0.75,5,part,unanswerable,context_size,5.0,5.0,5.0,40
qwen3-emb-4b,addressee,5,0.75,5,part,unanswerable,leaked,0.0,0.0,0.0,40
qwen3-emb-4b,addressee,5,0.75,5,part,unanswerable,recall,0.028949442915600688,0.009675373645961882,0.06597656249999995,40
qwen3-emb-4b,addressee,5,0.75,5,post,all,authorized,1.0,1.0,1.0,40
qwen3-emb-4b,addressee,5,0.75,5,post,all,context_size,3.4792499999999995,1.7671500000000002,4.73095,40
qwen3-emb-4b,addressee,5,0.75,5,post,all,leaked,0.0,0.0,0.0,40
qwen3-emb-4b,addressee,5,0.75,5,post,all,recall,0.49653083333333337,0.22899583333333332,0.6873499999999999,40
qwen3-emb-4b,addressee,5,0.75,5,post,answerable,any_hit,0.7937412644938068,0.779510022271715,0.818854033290653,40
qwen3-emb-4b,addressee,5,0.75,5,post,answerable,authorized,1.0,1.0,1.0,40
qwen3-emb-4b,addressee,5,0.75,5,post,answerable,context_size,4.441324306858661,3.854304114158636,4.938530283080974,40
qwen3-emb-4b,addressee,5,0.75,5,post,answerable,leaked,0.0,0.0,0.0,40
qwen3-emb-4b,addressee,5,0.75,5,post,answerable,recall,0.7413577457078443,0.7112843355605049,0.7856498079385402,40
qwen3-emb-4b,addressee,5,0.75,5,post,unanswerable,any_hit,0.06402168675288873,0.019292472233648706,0.15734374999999995,40
qwen3-emb-4b,addressee,5,0.75,5,post,unanswerable,authorized,1.0,1.0,1.0,40
qwen3-emb-4b,addressee,5,0.75,5,post,unanswerable,context_size,1.4782365613071495,0.8754646933526244,2.50078125,40
qwen3-emb-4b,addressee,5,0.75,5,post,unanswerable,leaked,0.0,0.0,0.0,40
qwen3-emb-4b,addressee,5,0.75,5,post,unanswerable,recall,0.027063088530688933,0.009626811097399332,0.06597656249999995,40
qwen3-emb-4b,addressee,5,0.75,5,pre,all,authorized,1.0,1.0,1.0,40
qwen3-emb-4b,addressee,5,0.75,5,pre,all,context_size,5.0,5.0,5.0,40
qwen3-emb-4b,addressee,5,0.75,5,pre,all,leaked,0.0,0.0,0.0,40
qwen3-emb-4b,addressee,5,0.75,5,pre,all,recall,0.5061475,0.24731250000000002,0.6892999999999999,40
qwen3-emb-4b,addressee,5,0.75,5,pre,answerable,any_hit,0.8154384094786622,0.7817371937639198,0.8685415122312825,40
qwen3-emb-4b,addressee,5,0.75,5,pre,answerable,authorized,1.0,1.0,1.0,40
qwen3-emb-4b,addressee,5,0.75,5,pre,answerable,context_size,5.0,5.0,5.0,40
qwen3-emb-4b,addressee,5,0.75,5,pre,answerable,leaked,0.0,0.0,0.0,40
qwen3-emb-4b,addressee,5,0.75,5,pre,answerable,recall,0.763586214939509,0.7135115070527097,0.8364052496798975,40
qwen3-emb-4b,addressee,5,0.75,5,pre,unanswerable,any_hit,0.06768112502810976,0.019409022350198823,0.15734374999999995,40
qwen3-emb-4b,addressee,5,0.75,5,pre,unanswerable,authorized,1.0,1.0,1.0,40
qwen3-emb-4b,addressee,5,0.75,5,pre,unanswerable,context_size,5.0,5.0,5.0,40
qwen3-emb-4b,addressee,5,0.75,5,pre,unanswerable,leaked,0.0,0.0,0.0,40
qwen3-emb-4b,addressee,5,0.75,5,pre,unanswerable,recall,0.028949442915600688,0.009675373645961882,0.06597656249999995,40
qwen3-emb-4b,addressee,5,0.9,6,_policy,all,answerable_rate,0.8733999999999998,0.344,0.996,40
qwen3-emb-4b,addressee,5,0.9,6,_policy,all,authorized_passages,0.8867276360282815,0.3441438671995081,0.9932370119889333,40
qwen3-emb-4b,addressee,5,0.9,6,_q,answerable,n,1.0,1.0,1.0,40
qwen3-emb-4b,addressee,5,0.9,6,_q,unanswerable,n,1.0,1.0,1.0,40
qwen3-emb-4b,addressee,5,0.9,6,none,all,authorized,0.8103,0.204,0.984,40
qwen3-emb-4b,addressee,5,0.9,6,none,all,context_size,5.0,5.0,5.0,40
qwen3-emb-4b,addressee,5,0.9,6,none,all,leaked,0.59195,0.034,2.9,40
qwen3-emb-4b,addressee,5,0.9,6,none,all,recall,0.7193999999999999,0.7193999999999999,0.7193999999999999,40
qwen3-emb-4b,addressee,5,0.9,6,none,answerable,any_hit,0.7899208519058947,0.7822410147991543,0.8081395348837209,40
qwen3-emb-4b,addressee,5,0.9,6,none,answerable,authorized,0.8821501533314695,0.5348837209302325,0.9898373983739838,40
qwen3-emb-4b,addressee,5,0.9,6,none,answerable,context_size,5.0,5.0,5.0,40
qwen3-emb-4b,addressee,5,0.9,6,none,answerable,leaked,0.22852694674829738,0.012195121951219513,1.005813953488372,40
qwen3-emb-4b,addressee,5,0.9,6,none,answerable,recall,0.7274179826902922,0.7132487667371389,0.7732558139534884,40
qwen3-emb-4b,addressee,5,0.9,6,none,unanswerable,any_hit,0.7085272734797484,0.5,0.8888888888888888,40
qwen3-emb-4b,addressee,5,0.9,6,none,unanswerable,authorized,0.24716171412279736,0.0,0.625,40
qwen3-emb-4b,addressee,5,0.9,6,none,unanswerable,context_size,5.0,5.0,5.0,40
qwen3-emb-4b,addressee,5,0.9,6,none,unanswerable,leaked,3.266693835914604,1.875,5.0,40
qwen3-emb-4b,addressee,5,0.9,6,none,unanswerable,recall,0.6187875375030145,0.5,0.8271604938271605,40
qwen3-emb-4b,addressee,5,0.9,6,part,all,authorized,1.0,1.0,1.0,40
qwen3-emb-4b,addressee,5,0.9,6,part,all,context_size,5.0,5.0,5.0,40
qwen3-emb-4b,addressee,5,0.9,6,part,all,leaked,0.0,0.0,0.0,40
qwen3-emb-4b,addressee,5,0.9,6,part,all,recall,0.6394225,0.29616666666666663,0.7173999999999999,40
qwen3-emb-4b,addressee,5,0.9,6,part,answerable,any_hit,0.7972542847713083,0.7843551797040169,0.8604651162790697,40
qwen3-emb-4b,addressee,5,0.9,6,part,answerable,authorized,1.0,1.0,1.0,40
qwen3-emb-4b,addressee,5,0.9,6,part,answerable,context_size,5.0,5.0,5.0,40
qwen3-emb-4b,addressee,5,0.9,6,part,answerable,leaked,0.0,0.0,0.0,40
qwen3-emb-4b,addressee,5,0.9,6,part,answerable,recall,0.735134180210124,0.7153629316420014,0.8255813953488372,40
qwen3-emb-4b,addressee,5,0.9,6,part,unanswerable,any_hit,0.10651494806803272,0.0,0.25,40
qwen3-emb-4b,addressee,5,0.9,6,part,unanswerable,authorized,1.0,1.0,1.0,40
qwen3-emb-4b,addressee,5,0.9,6,part,unanswerable,context_size,5.0,5.0,5.0,40
qwen3-emb-4b,addressee,5,0.9,6,part,unanswerable,leaked,0.0,0.0,0.0,40
qwen3-emb-4b,addressee,5,0.9,6,part,unanswerable,recall,0.049389082790714786,0.0,0.125,40
qwen3-emb-4b,addressee,5,0.9,6,post,all,authorized,1.0,1.0,1.0,40
qwen3-emb-4b,addressee,5,0.9,6,post,all,context_size,4.40805,2.1,4.966,40
qwen3-emb-4b,addressee,5,0.9,6,post,all,leaked,0.0,0.0,0.0,40
qwen3-emb-4b,addressee,5,0.9,6,post,all,recall,0.6352975000000001,0.2755,0.7173999999999999,40
qwen3-emb-4b,addressee,5,0.9,6,post,answerable,any_hit,0.7899208519058947,0.7822410147991543,0.8081395348837209,40
qwen3-emb-4b,addressee,5,0.9,6,post,answerable,authorized,1.0,1.0,1.0,40
qwen3-emb-4b,addressee,5,0.9,6,post,answerable,context_size,4.771473053251703,3.994186046511628,4.987804878048781,40
qwen3-emb-4b,addressee,5,0.9,6,post,answerable,leaked,0.0,0.0,0.0,40
qwen3-emb-4b,addressee,5,0.9,6,post,answerable,recall,0.7274179826902922,0.7132487667371389,0.7732558139534884,40
qwen3-emb-4b,addressee,5,0.9,6,post,unanswerable,any_hit,0.10443460373517763,0.0,0.25,40
qwen3-emb-4b,addressee,5,0.9,6,post,unanswerable,authorized,1.0,1.0,1.0,40
qwen3-emb-4b,addressee,5,0.9,6,post,unanswerable,context_size,1.7333061640853966,0.0,3.125,40
qwen3-emb-4b,addressee,5,0.9,6,post,unanswerable,leaked,0.0,0.0,0.0,40
qwen3-emb-4b,addressee,5,0.9,6,post,unanswerable,recall,0.04849238264724276,0.0,0.125,40
qwen3-emb-4b,addressee,5,0.9,6,pre,all,authorized,1.0,1.0,1.0,40
qwen3-emb-4b,addressee,5,0.9,6,pre,all,context_size,5.0,5.0,5.0,40
qwen3-emb-4b,addressee,5,0.9,6,pre,all,leaked,0.0,0.0,0.0,40
qwen3-emb-4b,addressee,5,0.9,6,pre,all,recall,0.6394225,0.29616666666666663,0.7173999999999999,40
qwen3-emb-4b,addressee,5,0.9,6,pre,answerable,any_hit,0.7972542847713083,0.7843551797040169,0.8604651162790697,40
qwen3-emb-4b,addressee,5,0.9,6,pre,answerable,authorized,1.0,1.0,1.0,40
qwen3-emb-4b,addressee,5,0.9,6,pre,answerable,context_size,5.0,5.0,5.0,40
qwen3-emb-4b,addressee,5,0.9,6,pre,answerable,leaked,0.0,0.0,0.0,40
qwen3-emb-4b,addressee,5,0.9,6,pre,answerable,recall,0.735134180210124,0.7153629316420014,0.8255813953488372,40
qwen3-emb-4b,addressee,5,0.9,6,pre,unanswerable,any_hit,0.10651494806803272,0.0,0.25,40
qwen3-emb-4b,addressee,5,0.9,6,pre,unanswerable,authorized,1.0,1.0,1.0,40
qwen3-emb-4b,addressee,5,0.9,6,pre,unanswerable,context_size,5.0,5.0,5.0,40
qwen3-emb-4b,addressee,5,0.9,6,pre,unanswerable,leaked,0.0,0.0,0.0,40
qwen3-emb-4b,addressee,5,0.9,6,pre,unanswerable,recall,0.049389082790714786,0.0,0.125,40
qwen3-emb-8b,compartment,5,0.1,4,_policy,all,answerable_rate,0.0786,0.013800000000000002,0.17484999999999995,40
qwen3-emb-8b,compartment,5,0.1,4,_policy,all,authorized_passages,0.08887373193974793,0.013808407623731941,0.21041730710113735,40
qwen3-emb-8b,compartment,5,0.1,4,_q,answerable,n,1.0,1.0,1.0,40
qwen3-emb-8b,compartment,5,0.1,4,_q,unanswerable,n,1.0,1.0,1.0,40
qwen3-emb-8b,compartment,5,0.1,4,none,all,authorized,0.0368,0.002,0.10469999999999996,40
qwen3-emb-8b,compartment,5,0.1,4,none,all,context_size,5.0,5.0,5.0,40
qwen3-emb-8b,compartment,5,0.1,4,none,all,leaked,4.567,4.041099999999999,4.9321,40
qwen3-emb-8b,compartment,5,0.1,4,none,all,recall,0.7245666666666666,0.7245666666666666,0.7245666666666666,40
qwen3-emb-8b,compartment,5,0.1,4,none,answerable,any_hit,0.8412039843008767,0.6642857142857143,1.0,40
qwen3-emb-8b,compartment,5,0.1,4,none,answerable,authorized,0.39279222443560535,0.05735294117647059,0.6231818181818181,40
qwen3-emb-8b,compartment,5,0.1,4,none,answerable,context_size,5.0,5.0,5.0,40
qwen3-emb-8b,compartment,5,0.1,4,none,answerable,leaked,1.4564866881131566,0.8001420454545454,2.2255952380952375,40
qwen3-emb-8b,compartment,5,0.1,4,none,answerable,recall,0.7896376530114633,0.6185825892857143,0.9342647058823529,40
qwen3-emb-8b,compartment,5,0.1,4,none,unanswerable,any_hit,0.7924942946666677,0.7820153399564576,0.8046539313399779,40
qwen3-emb-8b,compartment,5,0.1,4,none,unanswerable,authorized,0.00338932838302395,0.0,0.011452699119736964,40
qwen3-emb-8b,compartment,5,0.1,4,none,unanswerable,context_size,5.0,5.0,5.0,40
qwen3-emb-8b,compartment,5,0.1,4,none,unanswerable,leaked,4.838840290441949,4.669853984813002,4.964910940669371,40
qwen3-emb-8b,compartment,5,0.1,4,none,unanswerable,recall,0.7192423025345382,0.7043897035341707,0.7317699215900801,40
qwen3-emb-8b,compartment,5,0.1,4,part,all,authorized,1.0,1.0,1.0,40
qwen3-emb-8b,compartment,5,0.1,4,part,all,context_size,5.0,5.0,5.0,40
qwen3-emb-8b,compartment,5,0.1,4,part,all,leaked,0.0,0.0,0.0,40
qwen3-emb-8b,compartment,5,0.1,4,part,all,recall,0.0665575,0.008933333333333333,0.13917499999999997,40
qwen3-emb-8b,compartment,5,0.1,4,part,answerable,any_hit,0.875562168951534,0.7130952380952381,1.0,40
qwen3-emb-8b,compartment,5,0.1,4,part,answerable,authorized,1.0,1.0,1.0,40
qwen3-emb-8b,compartment,5,0.1,4,part,answerable,context_size,5.0,5.0,5.0,40
qwen3-emb-8b,compartment,5,0.1,4,part,answerable,leaked,0.0,0.0,0.0,40
qwen3-emb-8b,compartment,5,0.1,4,part,answerable,recall,0.8262136447546891,0.6508370535714285,0.966764705882353,40
qwen3-emb-8b,compartment,5,0.1,4,part,unanswerable,any_hit,0.004943000637745621,0.0,0.01123059535285709,40
qwen3-emb-8b,compartment,5,0.1,4,part,unanswerable,authorized,1.0,1.0,1.0,40
qwen3-emb-8b,compartment,5,0.1,4,part,unanswerable,context_size,5.0,5.0,5.0,40
qwen3-emb-8b,compartment,5,0.1,4,part,unanswerable,leaked,0.0,0.0,0.0,40
qwen3-emb-8b,compartment,5,0.1,4,part,unanswerable,recall,0.002038559837891956,0.0,0.004933378526621549,40
qwen3-emb-8b,compartment,5,0.1,4,post,all,authorized,1.0,1.0,1.0,40
qwen3-emb-8b,compartment,5,0.1,4,post,all,context_size,0.433,0.0679,0.9588999999999998,40
qwen3-emb-8b,compartment,5,0.1,4,post,all,leaked,0.0,0.0,0.0,40
qwen3-emb-8b,compartment,5,0.1,4,post,all,recall,0.06314083333333334,0.007925,0.13907499999999995,40
qwen3-emb-8b,compartment,5,0.1,4,post,answerable,any_hit,0.8412039843008767,0.6642857142857143,1.0,40
qwen3-emb-8b,compartment,5,0.1,4,post,answerable,authorized,1.0,1.0,1.0,40
qwen3-emb-8b,compartment,5,0.1,4,post,answerable,context_size,3.5435133118868434,2.774404761904762,4.199857954545455,40
qwen3-emb-8b,compartment,5,0.1,4,post,answerable,leaked,0.0,0.0,0.0,40
qwen3-emb-8b,compartment,5,0.1,4,post,answerable,recall,0.7896376530114633,0.6185825892857143,0.9342647058823529,40
qwen3-emb-8b,compartment,5,0.1,4,post,unanswerable,any_hit,0.003748861612788636,0.0,0.00928681913600707,40
qwen3-emb-8b,compartment,5,0.1,4,post,unanswerable,authorized,1.0,1.0,1.0,40
qwen3-emb-8b,compartment,5,0.1,4,post,unanswerable,context_size,0.16115970955805062,0.0350890593306288,0.3301460151869987,40
qwen3-emb-8b,compartment,5,0.1,4,post,unanswerable,leaked,0.0,0.0,0.0,40
qwen3-emb-8b,compartment,5,0.1,4,post,unanswerable,recall,0.001566493362546845,0.0,0.004643409568003535,40
qwen3-emb-8b,compartment,5,0.1,4,pre,all,authorized,1.0,1.0,1.0,40
qwen3-emb-8b,compartment,5,0.1,4,pre,all,context_size,5.0,5.0,5.0,40
qwen3-emb-8b,compartment,5,0.1,4,pre,all,leaked,0.0,0.0,0.0,40
qwen3-emb-8b,compartment,5,0.1,4,pre,all,recall,0.0665575,0.008933333333333333,0.13917499999999997,40
qwen3-emb-8b,compartment,5,0.1,4,pre,answerable,any_hit,0.875562168951534,0.7130952380952381,1.0,40
qwen3-emb-8b,compartment,5,0.1,4,pre,answerable,authorized,1.0,1.0,1.0,40
qwen3-emb-8b,compartment,5,0.1,4,pre,answerable,context_size,5.0,5.0,5.0,40
qwen3-emb-8b,compartment,5,0.1,4,pre,answerable,leaked,0.0,0.0,0.0,40
qwen3-emb-8b,compartment,5,0.1,4,pre,answerable,recall,0.8262136447546891,0.6508370535714285,0.966764705882353,40
qwen3-emb-8b,compartment,5,0.1,4,pre,unanswerable,any_hit,0.004943000637745621,0.0,0.01123059535285709,40
qwen3-emb-8b,compartment,5,0.1,4,pre,unanswerable,authorized,1.0,1.0,1.0,40
qwen3-emb-8b,compartment,5,0.1,4,pre,unanswerable,context_size,5.0,5.0,5.0,40
qwen3-emb-8b,compartment,5,0.1,4,pre,unanswerable,leaked,0.0,0.0,0.0,40
qwen3-emb-8b,compartment,5,0.1,4,pre,unanswerable,recall,0.002038559837891956,0.0,0.004933378526621549,40
qwen3-emb-8b,compartment,5,0.25,10,_policy,all,answerable_rate,0.21885000000000004,0.1032,0.37444999999999995,40
qwen3-emb-8b,compartment,5,0.25,10,_policy,all,authorized_passages,0.23293690439594217,0.11446357208730402,0.44249538887181056,40
qwen3-emb-8b,compartment,5,0.25,10,_q,answerable,n,1.0,1.0,1.0,40
qwen3-emb-8b,compartment,5,0.25,10,_q,unanswerable,n,1.0,1.0,1.0,40
qwen3-emb-8b,compartment,5,0.25,10,none,all,authorized,0.11905000000000002,0.0415,0.23839999999999997,40
qwen3-emb-8b,compartment,5,0.25,10,none,all,context_size,5.0,5.0,5.0,40
qwen3-emb-8b,compartment,5,0.25,10,none,all,leaked,3.81845,2.9716,4.38465,40
qwen3-emb-8b,compartment,5,0.25,10,none,all,recall,0.7245666666666666,0.7245666666666666,0.7245666666666666,40
qwen3-emb-8b,compartment,5,0.25,10,none,answerable,any_hit,0.808574962195452,0.7322622607655502,0.8850270623366927,40
qwen3-emb-8b,compartment,5,0.25,10,none,answerable,authorized,0.46957178211360784,0.3055555555555556,0.6548367074102368,40
qwen3-emb-8b,compartment,5,0.25,10,none,answerable,context_size,5.0,5.0,5.0,40
qwen3-emb-8b,compartment,5,0.25,10,none,answerable,leaked,1.195196351104674,0.7578304048892284,1.7609937402190925,40
qwen3-emb-8b,compartment,5,0.25,10,none,answerable,recall,0.7519511350504547,0.6635920055821372,0.8492872807017543,40
qwen3-emb-8b,compartment,5,0.25,10,none,unanswerable,any_hit,0.7947856468670335,0.7742568403042372,0.8193581465237166,40
qwen3-emb-8b,compartment,5,0.25,10,none,unanswerable,authorized,0.014619258098836702,0.002602900143991492,0.030914961013645218,40
qwen3-emb-8b,compartment,5,0.25,10,none,unanswerable,context_size,5.0,5.0,5.0,40
qwen3-emb-8b,compartment,5,0.25,10,none,unanswerable,leaked,4.5579197162947604,4.249691358024691,4.780139427471214,40
qwen3-emb-8b,compartment,5,0.25,10,none,unanswerable,recall,0.7186801875922357,0.6907735436465138,0.7498551954732511,40
qwen3-emb-8b,compartment,5,0.25,10,part,all,authorized,1.0,1.0,1.0,40
qwen3-emb-8b,compartment,5,0.25,10,part,all,context_size,5.0,5.0,5.0,40
qwen3-emb-8b,compartment,5,0.25,10,part,all,leaked,0.0,0.0,0.0,40
qwen3-emb-8b,compartment,5,0.25,10,part,all,recall,0.1743883333333333,0.08024166666666666,0.30069416666666665,40
qwen3-emb-8b,compartment,5,0.25,10,part,answerable,any_hit,0.8282211283441407,0.7702467105263159,0.8854656588279207,40
qwen3-emb-8b,compartment,5,0.25,10,part,answerable,authorized,1.0,1.0,1.0,40
qwen3-emb-8b,compartment,5,0.25,10,part,answerable,context_size,5.0,5.0,5.0,40
qwen3-emb-8b,compartment,5,0.25,10,part,answerable,leaked,0.0,0.0,0.0,40
qwen3-emb-8b,compartment,5,0.25,10,part,answerable,recall,0.7798721445865234,0.7084250398724083,0.8632675438596491,40
qwen3-emb-8b,compartment,5,0.25,10,part,unanswerable,any_hit,0.014821196653298258,0.004653213166144201,0.025691732733798753,40
qwen3-emb-8b,compartment,5,0.25,10,part,unanswerable,authorized,1.0,1.0,1.0,40
qwen3-emb-8b,compartment,5,0.25,10,part,unanswerable,context_size,5.0,5.0,5.0,40
qwen3-emb-8b,compartment,5,0.25,10,part,unanswerable,leaked,0.0,0.0,0.0,40
qwen3-emb-8b,compartment,5,0.25,10,part,unanswerable,recall,0.006449148170574001,0.0017802151153444256,0.011473354566849416,40
qwen3-emb-8b,compartment,5,0.25,10,post,all,authorized,1.0,1.0,1.0,40
qwen3-emb-8b,compartment,5,0.25,10,post,all,context_size,1.18155,0.61535,2.0284,40
qwen3-emb-8b,compartment,5,0.25,10,post,all,leaked,0.0,0.0,0.0,40
qwen3-emb-8b,compartment,5,0.25,10,post,all,recall,0.16710916666666664,0.07825,0.29649,40
qwen3-emb-8b,compartment,5,0.25,10,post,answerable,any_hit,0.808574962195452,0.7322622607655502,0.8850270623366927,40
qwen3-emb-8b,compartment,5,0.25,10,post,answerable,authorized,1.0,1.0,1.0,40
qwen3-emb-8b,compartment,5,0.25,10,post,answerable,context_size,3.8048036488953265,3.2390062597809077,4.242169595110771,40
qwen3-emb-8b,compartment,5,0.25,10,post,answerable,leaked,0.0,0.0,0.0,40
qwen3-emb-8b,compartment,5,0.25,10,post,answerable,recall,0.7519511350504547,0.6635920055821372,0.8492872807017543,40
qwen3-emb-8b,compartment,5,0.25,10,post,unanswerable,any_hit,0.012121724560114278,0.004475648017827821,0.021641542710725097,40
qwen3-emb-8b,compartment,5,0.25,10,post,unanswerable,authorized,1.0,1.0,1.0,40
qwen3-emb-8b,compartment,5,0.25,10,post,unanswerable,context_size,0.4420802837052399,0.219860572528786,0.7503086419753087,40
qwen3-emb-8b,compartment,5,0.25,10,post,unanswerable,leaked,0.0,0.0,0.0,40
qwen3-emb-8b,compartment,5,0.25,10,post,unanswerable,recall,0.005155745346477392,0.0011633032915360502,0.009369550930085522,40
qwen3-emb-8b,compartment,5,0.25,10,pre,all,authorized,1.0,1.0,1.0,40
qwen3-emb-8b,compartment,5,0.25,10,pre,all,context_size,5.0,5.0,5.0,40
qwen3-emb-8b,compartment,5,0.25,10,pre,all,leaked,0.0,0.0,0.0,40
qwen3-emb-8b,compartment,5,0.25,10,pre,all,recall,0.1743883333333333,0.08024166666666666,0.30069416666666665,40
qwen3-emb-8b,compartment,5,0.25,10,pre,answerable,any_hit,0.8282211283441407,0.7702467105263159,0.8854656588279207,40
qwen3-emb-8b,compartment,5,0.25,10,pre,answerable,authorized,1.0,1.0,1.0,40
qwen3-emb-8b,compartment,5,0.25,10,pre,answerable,context_size,5.0,5.0,5.0,40
qwen3-emb-8b,compartment,5,0.25,10,pre,answerable,leaked,0.0,0.0,0.0,40
qwen3-emb-8b,compartment,5,0.25,10,pre,answerable,recall,0.7798721445865234,0.7084250398724083,0.8632675438596491,40
qwen3-emb-8b,compartment,5,0.25,10,pre,unanswerable,any_hit,0.014821196653298258,0.004653213166144201,0.025691732733798753,40
qwen3-emb-8b,compartment,5,0.25,10,pre,unanswerable,authorized,1.0,1.0,1.0,40
qwen3-emb-8b,compartment,5,0.25,10,pre,unanswerable,context_size,5.0,5.0,5.0,40
qwen3-emb-8b,compartment,5,0.25,10,pre,unanswerable,leaked,0.0,0.0,0.0,40
qwen3-emb-8b,compartment,5,0.25,10,pre,unanswerable,recall,0.006449148170574001,0.0017802151153444256,0.011473354566849416,40
qwen3-emb-8b,compartment,5,0.5,20,_policy,all,answerable_rate,0.45010000000000006,0.26180000000000003,0.64735,40
qwen3-emb-8b,compartment,5,0.5,20,_policy,all,authorized_passages,0.490068782662158,0.28685828466031355,0.6675299723332309,40
qwen3-emb-8b,compartment,5,0.5,20,_q,answerable,n,1.0,1.0,1.0,40
qwen3-emb-8b,compartment,5,0.5,20,_q,unanswerable,n,1.0,1.0,1.0,40
qwen3-emb-8b,compartment,5,0.5,20,none,all,authorized,0.30175,0.14049999999999999,0.4728499999999998,40
qwen3-emb-8b,compartment,5,0.5,20,none,all,context_size,5.0,5.0,5.0,40
qwen3-emb-8b,compartment,5,0.5,20,none,all,leaked,2.6225,1.6252,3.6420999999999997,40
qwen3-emb-8b,compartment,5,0.5,20,none,all,recall,0.7245666666666666,0.7245666666666666,0.7245666666666666,40
qwen3-emb-8b,compartment,5,0.5,20,none,answerable,any_hit,0.8023226492881506,0.7722793891367903,0.8451985294117647,40
qwen3-emb-8b,compartment,5,0.5,20,none,answerable,authorized,0.6099718972117831,0.45037012987012986,0.7341165413533834,40
qwen3-emb-8b,compartment,5,0.5,20,none,answerable,context_size,5.0,5.0,5.0,40
qwen3-emb-8b,compartment,5,0.5,20,none,answerable,leaked,0.7949175523457516,0.4847274103987885,1.102208404802744,40
qwen3-emb-8b,compartment,5,0.5,20,none,answerable,recall,0.7439475738348398,0.7040082842415316,0.7937665441176471,40
qwen3-emb-8b,compartment,5,0.5,20,none,unanswerable,any_hit,0.7917884062332319,0.7633193430656934,0.8197622244205767,40
qwen3-emb-8b,compartment,5,0.5,20,none,unanswerable,authorized,0.03871571703897705,0.008351436659803804,0.08820199692780334,40
qwen3-emb-8b,compartment,5,0.5,20,none,unanswerable,context_size,5.0,5.0,5.0,40
qwen3-emb-8b,compartment,5,0.5,20,none,unanswerable,leaked,4.106121821778307,3.6167334869431644,4.56071522794428,40
qwen3-emb-8b,compartment,5,0.5,20,none,unanswerable,recall,0.7079496287741828,0.6754891689442251,0.7378328896213657,40
qwen3-emb-8b,compartment,5,0.5,20,part,all,authorized,1.0,1.0,1.0,40
qwen3-emb-8b,compartment,5,0.5,20,part,all,context_size,5.0,5.0,5.0,40
qwen3-emb-8b,compartment,5,0.5,20,part,all,leaked,0.0,0.0,0.0,40
qwen3-emb-8b,compartment,5,0.5,20,part,all,recall,0.3488866666666667,0.19547083333333332,0.497075,40
qwen3-emb-8b,compartment,5,0.5,20,part,answerable,any_hit,0.8170703143363127,0.7893740660800266,0.8600073529411765,40
qwen3-emb-8b,compartment,5,0.5,20,part,answerable,authorized,1.0,1.0,1.0,40
qwen3-emb-8b,compartment,5,0.5,20,part,answerable,context_size,5.0,5.0,5.0,40
qwen3-emb-8b,compartment,5,0.5,20,part,answerable,leaked,0.0,0.0,0.0,40
qwen3-emb-8b,compartment,5,0.5,20,part,answerable,recall,0.7625231876815967,0.7313276626107856,0.8102840586341833,40
qwen3-emb-8b,compartment,5,0.5,20,part,unanswerable,any_hit,0.02895455897261139,0.008215567094586412,0.05560207336523126,40
qwen3-emb-8b,compartment,5,0.5,20,part,unanswerable,authorized,1.0,1.0,1.0,40
qwen3-emb-8b,compartment,5,0.5,20,part,unanswerable,context_size,5.0,5.0,5.0,40
qwen3-emb-8b,compartment,5,0.5,20,part,unanswerable,leaked,0.0,0.0,0.0,40
qwen3-emb-8b,compartment,5,0.5,20,part,unanswerable,recall,0.012113975152266476,0.002370744141334625,0.023975691580047292,40
qwen3-emb-8b,compartment,5,0.5,20,post,all,authorized,1.0,1.0,1.0,40
qwen3-emb-8b,compartment,5,0.5,20,post,all,context_size,2.3775,1.3579,3.3747999999999996,40
qwen3-emb-8b,compartment,5,0.5,20,post,all,leaked,0.0,0.0,0.0,40
qwen3-emb-8b,compartment,5,0.5,20,post,all,recall,0.3399866666666666,0.1888875,0.49005,40
qwen3-emb-8b,compartment,5,0.5,20,post,answerable,any_hit,0.8023226492881506,0.7722793891367903,0.8451985294117647,40
qwen3-emb-8b,compartment,5,0.5,20,post,answerable,authorized,1.0,1.0,1.0,40
qwen3-emb-8b,compartment,5,0.5,20,post,answerable,context_size,4.205082447654249,3.8977915951972553,4.515272589601212,40
qwen3-emb-8b,compartment,5,0.5,20,post,answerable,leaked,0.0,0.0,0.0,40
qwen3-emb-8b,compartment,5,0.5,20,post,answerable,recall,0.7439475738348398,0.7040082842415316,0.7937665441176471,40
qwen3-emb-8b,compartment,5,0.5,20,post,unanswerable,any_hit,0.02527392194633995,0.008103649068322982,0.05264912280701754,40
qwen3-emb-8b,compartment,5,0.5,20,post,unanswerable,authorized,1.0,1.0,1.0,40
qwen3-emb-8b,compartment,5,0.5,20,post,unanswerable,context_size,0.8938781782216936,0.43928477205571975,1.3832665130568353,40
qwen3-emb-8b,compartment,5,0.5,20,post,unanswerable,leaked,0.0,0.0,0.0,40
qwen3-emb-8b,compartment,5,0.5,20,post,unanswerable,recall,0.010544508020084928,0.002370744141334625,0.020949537750385206,40
qwen3-emb-8b,compartment,5,0.5,20,pre,all,authorized,1.0,1.0,1.0,40
qwen3-emb-8b,compartment,5,0.5,20,pre,all,context_size,5.0,5.0,5.0,40
qwen3-emb-8b,compartment,5,0.5,20,pre,all,leaked,0.0,0.0,0.0,40
qwen3-emb-8b,compartment,5,0.5,20,pre,all,recall,0.3488866666666667,0.19547083333333332,0.497075,40
qwen3-emb-8b,compartment,5,0.5,20,pre,answerable,any_hit,0.8170703143363127,0.7893740660800266,0.8600073529411765,40
qwen3-emb-8b,compartment,5,0.5,20,pre,answerable,authorized,1.0,1.0,1.0,40
qwen3-emb-8b,compartment,5,0.5,20,pre,answerable,context_size,5.0,5.0,5.0,40
qwen3-emb-8b,compartment,5,0.5,20,pre,answerable,leaked,0.0,0.0,0.0,40
qwen3-emb-8b,compartment,5,0.5,20,pre,answerable,recall,0.7625231876815967,0.7313276626107856,0.8102840586341833,40
qwen3-emb-8b,compartment,5,0.5,20,pre,unanswerable,any_hit,0.02895455897261139,0.008215567094586412,0.05560207336523126,40
qwen3-emb-8b,compartment,5,0.5,20,pre,unanswerable,authorized,1.0,1.0,1.0,40
qwen3-emb-8b,compartment,5,0.5,20,pre,unanswerable,context_size,5.0,5.0,5.0,40
qwen3-emb-8b,compartment,5,0.5,20,pre,unanswerable,leaked,0.0,0.0,0.0,40
qwen3-emb-8b,compartment,5,0.5,20,pre,unanswerable,recall,0.012113975152266476,0.002370744141334625,0.023975691580047292,40
qwen3-emb-8b,compartment,5,0.75,30,_policy,all,answerable_rate,0.7398,0.5813499999999999,0.89205,40
qwen3-emb-8b,compartment,5,0.75,30,_policy,all,authorized_passages,0.7507051183522903,0.566909391331079,0.9069839379034736,40
qwen3-emb-8b,compartment,5,0.75,30,_q,answerable,n,1.0,1.0,1.0,40
qwen3-emb-8b,compartment,5,0.75,30,_q,unanswerable,n,1.0,1.0,1.0,40
qwen3-emb-8b,compartment,5,0.75,30,none,all,authorized,0.59765,0.4205,0.8223999999999999,40
qwen3-emb-8b,compartment,5,0.75,30,none,all,context_size,5.0,5.0,5.0,40
qwen3-emb-8b,compartment,5,0.75,30,none,all,leaked,1.2559,0.49915,1.8960499999999996,40
qwen3-emb-8b,compartment,5,0.75,30,none,all,recall,0.7245666666666666,0.7245666666666666,0.7245666666666666,40
qwen3-emb-8b,compartment,5,0.75,30,none,answerable,any_hit,0.795484887936379,0.7706878263707572,0.8194055822197438,40
qwen3-emb-8b,compartment,5,0.75,30,none,answerable,authorized,0.7784666807974466,0.6668280140987881,0.9106776868209588,40
qwen3-emb-8b,compartment,5,0.75,30,none,answerable,context_size,5.0,5.0,5.0,40
qwen3-emb-8b,compartment,5,0.75,30,none,answerable,leaked,0.39741866731674913,0.13842996659343307,0.63679687122785,40
qwen3-emb-8b,compartment,5,0.75,30,none,answerable,recall,0.7301221249141177,0.6962494884267895,0.7664333895936642,40
qwen3-emb-8b,compartment,5,0.75,30,none,unanswerable,any_hit,0.8007404482237943,0.7251654411764705,0.894804318488529,40
qwen3-emb-8b,compartment,5,0.75,30,none,unanswerable,authorized,0.07512945818250526,0.03567567567567567,0.18423489278752436,40
qwen3-emb-8b,compartment,5,0.75,30,none,unanswerable,context_size,5.0,5.0,5.0,40
qwen3-emb-8b,compartment,5,0.75,30,none,unanswerable,leaked,3.666430446706336,2.966389318885449,4.118102621483375,40
qwen3-emb-8b,compartment,5,0.75,30,none,unanswerable,recall,0.7082569947747025,0.6376639506646217,0.8081282801019642,40
qwen3-emb-8b,compartment,5,0.75,30,part,all,authorized,1.0,1.0,1.0,40
qwen3-emb-8b,compartment,5,0.75,30,part,all,context_size,5.0,5.0,5.0,40
qwen3-emb-8b,compartment,5,0.75,30,part,all,leaked,0.0,0.0,0.0,40
qwen3-emb-8b,compartment,5,0.75,30,part,all,recall,0.5504241666666666,0.4481708333333333,0.6526541666666668,40
qwen3-emb-8b,compartment,5,0.75,30,part,answerable,any_hit,0.8029346111230421,0.7752470747509912,0.8281690000597455,40
qwen3-emb-8b,compartment,5,0.75,30,part,answerable,authorized,1.0,1.0,1.0,40
qwen3-emb-8b,compartment,5,0.75,30,part,answerable,context_size,5.0,5.0,5.0,40
qwen3-emb-8b,compartment,5,0.75,30,part,answerable,leaked,0.0,0.0,0.0,40
qwen3-emb-8b,compartment,5,0.75,30,part,answerable,recall,0.7377356759606315,0.7070252554556298,0.7751968074336658,40
qwen3-emb-8b,compartment,5,0.75,30,part,unanswerable,any_hit,0.05156012651096924,0.022670203359858532,0.11129385964912279,40
qwen3-emb-8b,compartment,5,0.75,30,part,unanswerable,authorized,1.0,1.0,1.0,40
qwen3-emb-8b,compartment,5,0.75,30,part,unanswerable,context_size,5.0,5.0,5.0,40
qwen3-emb-8b,compartment,5,0.75,30,part,unanswerable,leaked,0.0,0.0,0.0,40
qwen3-emb-8b,compartment,5,0.75,30,part,unanswerable,recall,0.020616151728440935,0.009654067197170645,0.04430961663417803,40
qwen3-emb-8b,compartment,5,0.75,30,post,all,authorized,1.0,1.0,1.0,40
qwen3-emb-8b,compartment,5,0.75,30,post,all,context_size,3.7440999999999995,3.1039499999999998,4.50085,40
qwen3-emb-8b,compartment,5,0.75,30,post,all,leaked,0.0,0.0,0.0,40
qwen3-emb-8b,compartment,5,0.75,30,post,all,recall,0.5444825,0.44043499999999997,0.6496541666666666,40
qwen3-emb-8b,compartment,5,0.75,30,post,answerable,any_hit,0.795484887936379,0.7706878263707572,0.8194055822197438,40
qwen3-emb-8b,compartment,5,0.75,30,post,answerable,authorized,1.0,1.0,1.0,40
qwen3-emb-8b,compartment,5,0.75,30,post,answerable,context_size,4.6025813326832505,4.36320312877215,4.861570033406567,40
qwen3-emb-8b,compartment,5,0.75,30,post,answerable,leaked,0.0,0.0,0.0,40
qwen3-emb-8b,compartment,5,0.75,30,post,answerable,recall,0.7301221249141177,0.6962494884267895,0.7664333895936642,40
qwen3-emb-8b,compartment,5,0.75,30,post,unanswerable,any_hit,0.04777384629741468,0.017823977823977825,0.11129385964912279,40
qwen3-emb-8b,compartment,5,0.75,30,post,unanswerable,authorized,1.0,1.0,1.0,40
qwen3-emb-8b,compartment,5,0.75,30,post,unanswerable,context_size,1.3335695532936642,0.881897378516624,2.033610681114551,40
qwen3-emb-8b,compartment,5,0.75,30,post,unanswerable,leaked,0.0,0.0,0.0,40
qwen3-emb-8b,compartment,5,0.75,30,post,unanswerable,recall,0.018866583000729718,0.006862439362439362,0.04430961663417803,40
qwen3-emb-8b,compartment,5,0.75,30,pre,all,authorized,1.0,1.0,1.0,40
qwen3-emb-8b,compartment,5,0.75,30,pre,all,context_size,5.0,5.0,5.0,40
qwen3-emb-8b,compartment,5,0.75,30,pre,all,leaked,0.0,0.0,0.0,40
qwen3-emb-8b,compartment,5,0.75,30,pre,all,recall,0.5504241666666666,0.4481708333333333,0.6526541666666668,40
qwen3-emb-8b,compartment,5,0.75,30,pre,answerable,any_hit,0.8029346111230421,0.7752470747509912,0.8281690000597455,40
qwen3-emb-8b,compartment,5,0.75,30,pre,answerable,authorized,1.0,1.0,1.0,40
qwen3-emb-8b,compartment,5,0.75,30,pre,answerable,context_size,5.0,5.0,5.0,40
qwen3-emb-8b,compartment,5,0.75,30,pre,answerable,leaked,0.0,0.0,0.0,40
qwen3-emb-8b,compartment,5,0.75,30,pre,answerable,recall,0.7377356759606315,0.7070252554556298,0.7751968074336658,40
qwen3-emb-8b,compartment,5,0.75,30,pre,unanswerable,any_hit,0.05156012651096924,0.022670203359858532,0.11129385964912279,40
qwen3-emb-8b,compartment,5,0.75,30,pre,unanswerable,authorized,1.0,1.0,1.0,40
qwen3-emb-8b,compartment,5,0.75,30,pre,unanswerable,context_size,5.0,5.0,5.0,40
qwen3-emb-8b,compartment,5,0.75,30,pre,unanswerable,leaked,0.0,0.0,0.0,40
qwen3-emb-8b,compartment,5,0.75,30,pre,unanswerable,recall,0.020616151728440935,0.009654067197170645,0.04430961663417803,40
qwen3-emb-8b,compartment,5,0.9,36,_policy,all,answerable_rate,0.8848499999999999,0.7977500000000001,0.9724499999999999,40
qwen3-emb-8b,compartment,5,0.9,36,_policy,all,authorized_passages,0.8972410083000307,0.753975176759914,0.9809675683984014,40
qwen3-emb-8b,compartment,5,0.9,36,_q,answerable,n,1.0,1.0,1.0,40
qwen3-emb-8b,compartment,5,0.9,36,_q,unanswerable,n,1.0,1.0,1.0,40
qwen3-emb-8b,compartment,5,0.9,36,none,all,authorized,0.81525,0.6910499999999999,0.9482999999999999,40
qwen3-emb-8b,compartment,5,0.9,36,none,all,context_size,5.0,5.0,5.0,40
qwen3-emb-8b,compartment,5,0.9,36,none,all,leaked,0.5391,0.14815,0.9808999999999999,40
qwen3-emb-8b,compartment,5,0.9,36,none,all,recall,0.7245666666666666,0.7245666666666666,0.7245666666666666,40
qwen3-emb-8b,compartment,5,0.9,36,none,answerable,any_hit,0.7973222340099158,0.7845988148622678,0.8135178070045811,40
qwen3-emb-8b,compartment,5,0.9,36,none,answerable,authorized,0.9070523212509516,0.8114519478639475,0.97324016563147,40
qwen3-emb-8b,compartment,5,0.9,36,none,answerable,context_size,5.0,5.0,5.0,40
qwen3-emb-8b,compartment,5,0.9,36,none,answerable,leaked,0.158260021934911,0.04943064182194617,0.3178524969285249,40
qwen3-emb-8b,compartment,5,0.9,36,none,answerable,recall,0.7293103161879488,0.7082792399086036,0.7449300065267722,40
qwen3-emb-8b,compartment,5,0.9,36,none,unanswerable,any_hit,0.7941378849488873,0.6916666666666667,0.8969640179910044,40
qwen3-emb-8b,compartment,5,0.9,36,none,unanswerable,authorized,0.1043027233225248,0.0,0.20985576923076915,40
qwen3-emb-8b,compartment,5,0.9,36,none,unanswerable,context_size,5.0,5.0,5.0,40
qwen3-emb-8b,compartment,5,0.9,36,none,unanswerable,leaked,3.351049791275242,2.1125,4.1185294117647056,40
qwen3-emb-8b,compartment,5,0.9,36,none,unanswerable,recall,0.6941142565379775,0.5390972222222222,0.8574735449735449,40
qwen3-emb-8b,compartment,5,0.9,36,part,all,authorized,1.0,1.0,1.0,40
qwen3-emb-8b,compartment,5,0.9,36,part,all,context_size,5.0,5.0,5.0,40
qwen3-emb-8b,compartment,5,0.9,36,part,all,leaked,0.0,0.0,0.0,40
qwen3-emb-8b,compartment,5,0.9,36,part,all,recall,0.6501891666666666,0.5888166666666668,0.7087666666666665,40
qwen3-emb-8b,compartment,5,0.9,36,part,answerable,any_hit,0.8006238862592013,0.7868444373265001,0.8160050613270282,40
qwen3-emb-8b,compartment,5,0.9,36,part,answerable,authorized,1.0,1.0,1.0,40
qwen3-emb-8b,compartment,5,0.9,36,part,answerable,context_size,5.0,5.0,5.0,40
qwen3-emb-8b,compartment,5,0.9,36,part,answerable,leaked,0.0,0.0,0.0,40
qwen3-emb-8b,compartment,5,0.9,36,part,answerable,recall,0.7321965485088765,0.7134797138586376,0.7461736336879958,40
qwen3-emb-8b,compartment,5,0.9,36,part,unanswerable,any_hit,0.054426155671207496,0.0,0.11145833333333331,40
qwen3-emb-8b,compartment,5,0.9,36,part,unanswerable,authorized,1.0,1.0,1.0,40
qwen3-emb-8b,compartment,5,0.9,36,part,unanswerable,context_size,5.0,5.0,5.0,40
qwen3-emb-8b,compartment,5,0.9,36,part,unanswerable,leaked,0.0,0.0,0.0,40
qwen3-emb-8b,compartment,5,0.9,36,part,unanswerable,recall,0.02119111096992641,0.0,0.04543055555555554,40
qwen3-emb-8b,compartment,5,0.9,36,post,all,authorized,1.0,1.0,1.0,40
qwen3-emb-8b,compartment,5,0.9,36,post,all,context_size,4.4609,4.0191,4.85185,40
qwen3-emb-8b,compartment,5,0.9,36,post,all,leaked,0.0,0.0,0.0,40
qwen3-emb-8b,compartment,5,0.9,36,post,all,recall,0.6474599999999999,0.5858416666666667,0.7063291666666666,40
qwen3-emb-8b,compartment,5,0.9,36,post,answerable,any_hit,0.7973222340099158,0.7845988148622678,0.8135178070045811,40
qwen3-emb-8b,compartment,5,0.9,36,post,answerable,authorized,1.0,1.0,1.0,40
qwen3-emb-8b,compartment,5,0.9,36,post,answerable,context_size,4.841739978065089,4.682147503071475,4.950569358178054,40
qwen3-emb-8b,compartment,5,0.9,36,post,answerable,leaked,0.0,0.0,0.0,40
qwen3-emb-8b,compartment,5,0.9,36,post,answerable,recall,0.7293103161879488,0.7082792399086036,0.7449300065267722,40
qwen3-emb-8b,compartment,5,0.9,36,post,unanswerable,any_hit,0.0499252807692831,0.0,0.11145833333333331,40
qwen3-emb-8b,compartment,5,0.9,36,post,unanswerable,authorized,1.0,1.0,1.0,40
qwen3-emb-8b,compartment,5,0.9,36,post,unanswerable,context_size,1.6489502087247583,0.8814705882352941,2.8874999999999997,40
qwen3-emb-8b,compartment,5,0.9,36,post,unanswerable,leaked,0.0,0.0,0.0,40
qwen3-emb-8b,compartment,5,0.9,36,post,unanswerable,recall,0.01947987975128531,0.0,0.04543055555555554,40
qwen3-emb-8b,compartment,5,0.9,36,pre,all,authorized,1.0,1.0,1.0,40
qwen3-emb-8b,compartment,5,0.9,36,pre,all,context_size,5.0,5.0,5.0,40
qwen3-emb-8b,compartment,5,0.9,36,pre,all,leaked,0.0,0.0,0.0,40
qwen3-emb-8b,compartment,5,0.9,36,pre,all,recall,0.6501891666666666,0.5888166666666668,0.7087666666666665,40
qwen3-emb-8b,compartment,5,0.9,36,pre,answerable,any_hit,0.8006238862592013,0.7868444373265001,0.8160050613270282,40
qwen3-emb-8b,compartment,5,0.9,36,pre,answerable,authorized,1.0,1.0,1.0,40
qwen3-emb-8b,compartment,5,0.9,36,pre,answerable,context_size,5.0,5.0,5.0,40
qwen3-emb-8b,compartment,5,0.9,36,pre,answerable,leaked,0.0,0.0,0.0,40
qwen3-emb-8b,compartment,5,0.9,36,pre,answerable,recall,0.7321965485088765,0.7134797138586376,0.7461736336879958,40
qwen3-emb-8b,compartment,5,0.9,36,pre,unanswerable,any_hit,0.054426155671207496,0.0,0.11145833333333331,40
qwen3-emb-8b,compartment,5,0.9,36,pre,unanswerable,authorized,1.0,1.0,1.0,40
qwen3-emb-8b,compartment,5,0.9,36,pre,unanswerable,context_size,5.0,5.0,5.0,40
qwen3-emb-8b,compartment,5,0.9,36,pre,unanswerable,leaked,0.0,0.0,0.0,40
qwen3-emb-8b,compartment,5,0.9,36,pre,unanswerable,recall,0.02119111096992641,0.0,0.04543055555555554,40
qwen3-emb-8b,addressee,5,0.1,1,_policy,all,answerable_rate,0.10194999999999999,0.004,0.604,40
qwen3-emb-8b,addressee,5,0.1,1,_policy,all,authorized_passages,0.11110897632954195,0.006762988011066708,0.6558561328004918,40
qwen3-emb-8b,addressee,5,0.1,1,_q,answerable,n,1.0,1.0,1.0,40
qwen3-emb-8b,addressee,5,0.1,1,_q,unanswerable,n,1.0,1.0,1.0,40
qwen3-emb-8b,addressee,5,0.1,1,none,all,authorized,0.04939999999999999,0.0,0.304,40
qwen3-emb-8b,addressee,5,0.1,1,none,all,context_size,5.0,5.0,5.0,40
qwen3-emb-8b,addressee,5,0.1,1,none,all,leaked,4.4444,2.226,4.974,40
qwen3-emb-8b,addressee,5,0.1,1,none,all,recall,0.7245666666666666,0.7245666666666666,0.7245666666666666,40
qwen3-emb-8b,addressee,5,0.1,1,none,answerable,any_hit,0.7359754315087679,0.5,0.9565217391304348,40
qwen3-emb-8b,addressee,5,0.1,1,none,answerable,authorized,0.3503092158577314,0.0,0.5652173913043478,40
qwen3-emb-8b,addressee,5,0.1,1,none,answerable,context_size,5.0,5.0,5.0,40
qwen3-emb-8b,addressee,5,0.1,1,none,answerable,leaked,1.4755831436026372,0.8695652173913043,2.5,40
qwen3-emb-8b,addressee,5,0.1,1,none,answerable,recall,0.7209679362804826,0.5,0.9347826086956522,40
qwen3-emb-8b,addressee,5,0.1,1,none,unanswerable,any_hit,0.7962717082314124,0.7882599580712788,0.8080808080808081,40
qwen3-emb-8b,addressee,5,0.1,1,none,unanswerable,authorized,0.0074721318026248025,0.0,0.04040404040404041,40
qwen3-emb-8b,addressee,5,0.1,1,none,unanswerable,context_size,5.0,5.0,5.0,40
qwen3-emb-8b,addressee,5,0.1,1,none,unanswerable,leaked,4.746535427460214,3.9393939393939394,4.993927125506073,40
qwen3-emb-8b,addressee,5,0.1,1,none,unanswerable,recall,0.7208299226703293,0.714102564102564,0.727294197031039,40
qwen3-emb-8b,addressee,5,0.1,1,part,all,authorized,1.0,1.0,1.0,40
qwen3-emb-8b,addressee,5,0.1,1,part,all,context_size,5.0,5.0,5.0,40
qwen3-emb-8b,addressee,5,0.1,1,part,all,leaked,0.0,0.0,0.0,40
qwen3-emb-8b,addressee,5,0.1,1,part,all,recall,0.08343166666666665,0.002,0.46323333333333333,40
qwen3-emb-8b,addressee,5,0.1,1,part,answerable,any_hit,0.7898522330780867,0.5,1.0,40
qwen3-emb-8b,addressee,5,0.1,1,part,answerable,authorized,1.0,1.0,1.0,40
qwen3-emb-8b,addressee,5,0.1,1,part,answerable,context_size,5.0,5.0,5.0,40
qwen3-emb-8b,addressee,5,0.1,1,part,answerable,leaked,0.0,0.0,0.0,40
qwen3-emb-8b,addressee,5,0.1,1,part,answerable,recall,0.7755257646812345,0.5,0.9782608695652174,40
qwen3-emb-8b,addressee,5,0.1,1,part,unanswerable,any_hit,0.010195965286220595,0.0,0.050505050505050504,40
qwen3-emb-8b,addressee,5,0.1,1,part,unanswerable,authorized,1.0,1.0,1.0,40
qwen3-emb-8b,addressee,5,0.1,1,part,unanswerable,context_size,5.0,5.0,5.0,40
qwen3-emb-8b,addressee,5,0.1,1,part,unanswerable,leaked,0.0,0.0,0.0,40
qwen3-emb-8b,addressee,5,0.1,1,part,unanswerable,recall,0.004130769868799228,0.0,0.018265993265993263,40
qwen3-emb-8b,addressee,5,0.1,1,post,all,authorized,1.0,1.0,1.0,40
qwen3-emb-8b,addressee,5,0.1,1,post,all,context_size,0.5556000000000001,0.026,2.774,40
qwen3-emb-8b,addressee,5,0.1,1,post,all,leaked,0.0,0.0,0.0,40
qwen3-emb-8b,addressee,5,0.1,1,post,all,recall,0.07918166666666668,0.002,0.44623333333333337,40
qwen3-emb-8b,addressee,5,0.1,1,post,answerable,any_hit,0.7359754315087679,0.5,0.9565217391304348,40
qwen3-emb-8b,addressee,5,0.1,1,post,answerable,authorized,1.0,1.0,1.0,40
qwen3-emb-8b,addressee,5,0.1,1,post,answerable,context_size,3.5244168563973632,2.5,4.130434782608695,40
qwen3-emb-8b,addressee,5,0.1,1,post,answerable,leaked,0.0,0.0,0.0,40
qwen3-emb-8b,addressee,5,0.1,1,post,answerable,recall,0.7209679362804826,0.5,0.9347826086956522,40
qwen3-emb-8b,addressee,5,0.1,1,post,unanswerable,any_hit,0.00881171552124078,0.0,0.050505050505050504,40
qwen3-emb-8b,addressee,5,0.1,1,post,unanswerable,authorized,1.0,1.0,1.0,40
qwen3-emb-8b,addressee,5,0.1,1,post,unanswerable,context_size,0.2534645725397863,0.006072874493927126,1.0606060606060606,40
qwen3-emb-8b,addressee,5,0.1,1,post,unanswerable,leaked,0.0,0.0,0.0,40
qwen3-emb-8b,addressee,5,0.1,1,post,unanswerable,recall,0.003490583944498278,0.0,0.018265993265993263,40
qwen3-emb-8b,addressee,5,0.1,1,pre,all,authorized,1.0,1.0,1.0,40
qwen3-emb-8b,addressee,5,0.1,1,pre,all,context_size,5.0,5.0,5.0,40
qwen3-emb-8b,addressee,5,0.1,1,pre,all,leaked,0.0,0.0,0.0,40
qwen3-emb-8b,addressee,5,0.1,1,pre,all,recall,0.08343166666666665,0.002,0.46323333333333333,40
qwen3-emb-8b,addressee,5,0.1,1,pre,answerable,any_hit,0.7898522330780867,0.5,1.0,40
qwen3-emb-8b,addressee,5,0.1,1,pre,answerable,authorized,1.0,1.0,1.0,40
qwen3-emb-8b,addressee,5,0.1,1,pre,answerable,context_size,5.0,5.0,5.0,40
qwen3-emb-8b,addressee,5,0.1,1,pre,answerable,leaked,0.0,0.0,0.0,40
qwen3-emb-8b,addressee,5,0.1,1,pre,answerable,recall,0.7755257646812345,0.5,0.9782608695652174,40
qwen3-emb-8b,addressee,5,0.1,1,pre,unanswerable,any_hit,0.010195965286220595,0.0,0.050505050505050504,40
qwen3-emb-8b,addressee,5,0.1,1,pre,unanswerable,authorized,1.0,1.0,1.0,40
qwen3-emb-8b,addressee,5,0.1,1,pre,unanswerable,context_size,5.0,5.0,5.0,40
qwen3-emb-8b,addressee,5,0.1,1,pre,unanswerable,leaked,0.0,0.0,0.0,40
qwen3-emb-8b,addressee,5,0.1,1,pre,unanswerable,recall,0.004130769868799228,0.0,0.018265993265993263,40
qwen3-emb-8b,addressee,5,0.25,2,_policy,all,answerable_rate,0.2932,0.041350000000000005,0.6583999999999998,40
qwen3-emb-8b,addressee,5,0.25,2,_policy,all,authorized_passages,0.3121695358130956,0.050409237626806026,0.7163483707347063,40
qwen3-emb-8b,addressee,5,0.25,2,_q,answerable,n,1.0,1.0,1.0,40
qwen3-emb-8b,addressee,5,0.25,2,_q,unanswerable,n,1.0,1.0,1.0,40
qwen3-emb-8b,addressee,5,0.25,2,none,all,authorized,0.15895,0.013850000000000001,0.40039999999999965,40
qwen3-emb-8b,addressee,5,0.25,2,none,all,context_size,5.0,5.0,5.0,40
qwen3-emb-8b,addressee,5,0.25,2,none,all,leaked,3.47635,1.8554,4.748849999999999,40
qwen3-emb-8b,addressee,5,0.25,2,none,all,recall,0.7245666666666666,0.7245666666666666,0.7245666666666666,40
qwen3-emb-8b,addressee,5,0.25,2,none,answerable,any_hit,0.8194590948780199,0.7553571428571428,0.9318181818181818,40
qwen3-emb-8b,addressee,5,0.25,2,none,answerable,authorized,0.46161196304849306,0.23809523809523808,0.5861669588570999,40
qwen3-emb-8b,addressee,5,0.25,2,none,answerable,context_size,5.0,5.0,5.0,40
qwen3-emb-8b,addressee,5,0.25,2,none,answerable,leaked,1.1726583683430065,0.8251359618038718,1.8607142857142855,40
qwen3-emb-8b,addressee,5,0.25,2,none,answerable,recall,0.786277675228703,0.7161407766990291,0.9,40
qwen3-emb-8b,addressee,5,0.25,2,none,unanswerable,any_hit,0.7966070545349654,0.7828947368421053,0.8167539267015707,40
qwen3-emb-8b,addressee,5,0.25,2,none,unanswerable,authorized,0.02530175081623708,0.0,0.05980949197860946,40
qwen3-emb-8b,addressee,5,0.25,2,none,unanswerable,context_size,5.0,5.0,5.0,40
qwen3-emb-8b,addressee,5,0.25,2,none,unanswerable,leaked,4.334287162201521,3.7730309072781654,4.952032843974936,40
qwen3-emb-8b,addressee,5,0.25,2,none,unanswerable,recall,0.7144154090042549,0.6991329479768785,0.7292366030181708,40
qwen3-emb-8b,addressee,5,0.25,2,part,all,authorized,1.0,1.0,1.0,40
qwen3-emb-8b,addressee,5,0.25,2,part,all,context_size,5.0,5.0,5.0,40
qwen3-emb-8b,addressee,5,0.25,2,part,all,leaked,0.0,0.0,0.0,40
qwen3-emb-8b,addressee,5,0.25,2,part,all,recall,0.23403000000000002,0.03407500000000001,0.5086374999999999,40
qwen3-emb-8b,addressee,5,0.25,2,part,answerable,any_hit,0.8560819987414494,0.797436145510836,0.9772727272727273,40
qwen3-emb-8b,addressee,5,0.25,2,part,answerable,authorized,1.0,1.0,1.0,40
qwen3-emb-8b,addressee,5,0.25,2,part,answerable,context_size,5.0,5.0,5.0,40
qwen3-emb-8b,addressee,5,0.25,2,part,answerable,leaked,0.0,0.0,0.0,40
qwen3-emb-8b,addressee,5,0.25,2,part,answerable,recall,0.8230048818249521,0.7316822289156627,0.9431818181818182,40
qwen3-emb-8b,addressee,5,0.25,2,part,unanswerable,any_hit,0.029739602473743354,0.002086303613558056,0.06853609625668447,40
qwen3-emb-8b,addressee,5,0.25,2,part,unanswerable,authorized,1.0,1.0,1.0,40
qwen3-emb-8b,addressee,5,0.25,2,part,unanswerable,context_size,5.0,5.0,5.0,40
qwen3-emb-8b,addressee,5,0.25,2,part,unanswerable,leaked,0.0,0.0,0.0,40
qwen3-emb-8b,addressee,5,0.25,2,part,unanswerable,recall,0.01198469502829121,0.0006958942240779401,0.02643312722816398,40
qwen3-emb-8b,addressee,5,0.25,2,post,all,authorized,1.0,1.0,1.0,40
qwen3-emb-8b,addressee,5,0.25,2,post,all,context_size,1.52365,0.25115000000000004,3.1445999999999987,40
qwen3-emb-8b,addressee,5,0.25,2,post,all,leaked,0.0,0.0,0.0,40
qwen3-emb-8b,addressee,5,0.25,2,post,all,recall,0.22522166666666665,0.031400000000000004,0.4928124999999998,40
qwen3-emb-8b,addressee,5,0.25,2,post,answerable,any_hit,0.8194590948780199,0.7553571428571428,0.9318181818181818,40
qwen3-emb-8b,addressee,5,0.25,2,post,answerable,authorized,1.0,1.0,1.0,40
qwen3-emb-8b,addressee,5,0.25,2,post,answerable,context_size,3.8273416316569935,3.1392857142857142,4.1748640381961275,40
qwen3-emb-8b,addressee,5,0.25,2,post,answerable,leaked,0.0,0.0,0.0,40
qwen3-emb-8b,addressee,5,0.25,2,post,answerable,recall,0.786277675228703,0.7161407766990291,0.9,40
qwen3-emb-8b,addressee,5,0.25,2,post,unanswerable,any_hit,0.027118848711986825,0.0,0.06299632352941173,40
qwen3-emb-8b,addressee,5,0.25,2,post,unanswerable,authorized,1.0,1.0,1.0,40
qwen3-emb-8b,addressee,5,0.25,2,post,unanswerable,context_size,0.6657128377984787,0.04796715602506344,1.2269690927218337,40
qwen3-emb-8b,addressee,5,0.25,2,post,unanswerable,leaked,0.0,0.0,0.0,40
qwen3-emb-8b,addressee,5,0.25,2,post,unanswerable,recall,0.01068379529427011,0.0,0.02366324086452761,40
qwen3-emb-8b,addressee,5,0.25,2,pre,all,authorized,1.0,1.0,1.0,40
qwen3-emb-8b,addressee,5,0.25,2,pre,all,context_size,5.0,5.0,5.0,40
qwen3-emb-8b,addressee,5,0.25,2,pre,all,leaked,0.0,0.0,0.0,40
qwen3-emb-8b,addressee,5,0.25,2,pre,all,recall,0.23403000000000002,0.03407500000000001,0.5086374999999999,40
qwen3-emb-8b,addressee,5,0.25,2,pre,answerable,any_hit,0.8560819987414494,0.797436145510836,0.9772727272727273,40
qwen3-emb-8b,addressee,5,0.25,2,pre,answerable,authorized,1.0,1.0,1.0,40
qwen3-emb-8b,addressee,5,0.25,2,pre,answerable,context_size,5.0,5.0,5.0,40
qwen3-emb-8b,addressee,5,0.25,2,pre,answerable,leaked,0.0,0.0,0.0,40
qwen3-emb-8b,addressee,5,0.25,2,pre,answerable,recall,0.8230048818249521,0.7316822289156627,0.9431818181818182,40
qwen3-emb-8b,addressee,5,0.25,2,pre,unanswerable,any_hit,0.029739602473743354,0.002086303613558056,0.06853609625668447,40
qwen3-emb-8b,addressee,5,0.25,2,pre,unanswerable,authorized,1.0,1.0,1.0,40
qwen3-emb-8b,addressee,5,0.25,2,pre,unanswerable,context_size,5.0,5.0,5.0,40
qwen3-emb-8b,addressee,5,0.25,2,pre,unanswerable,leaked,0.0,0.0,0.0,40
qwen3-emb-8b,addressee,5,0.25,2,pre,unanswerable,recall,0.01198469502829121,0.0006958942240779401,0.02643312722816398,40
qwen3-emb-8b,addressee,5,0.5,4,_policy,all,answerable_rate,0.5425000000000001,0.094,0.92605,40
qwen3-emb-8b,addressee,5,0.5,4,_policy,all,authorized_passages,0.5594950814632647,0.12058100215185982,0.9223293882569935,40
qwen3-emb-8b,addressee,5,0.5,4,_q,answerable,n,1.0,1.0,1.0,40
qwen3-emb-8b,addressee,5,0.5,4,_q,unanswerable,n,1.0,1.0,1.0,40
qwen3-emb-8b,addressee,5,0.5,4,none,all,authorized,0.39390000000000003,0.04,0.908,40
qwen3-emb-8b,addressee,5,0.5,4,none,all,context_size,5.0,5.0,5.0,40
qwen3-emb-8b,addressee,5,0.5,4,none,all,leaked,2.1735999999999995,0.292,4.362,40
qwen3-emb-8b,addressee,5,0.5,4,none,all,recall,0.7245666666666666,0.7245666666666666,0.7245666666666666,40
qwen3-emb-8b,addressee,5,0.5,4,none,answerable,any_hit,0.802884244183393,0.7869281923969424,0.8769230769230769,40
qwen3-emb-8b,addressee,5,0.5,4,none,answerable,authorized,0.6031652626934184,0.3829787234042553,0.9632829373650108,40
qwen3-emb-8b,addressee,5,0.5,4,none,answerable,context_size,5.0,5.0,5.0,40
qwen3-emb-8b,addressee,5,0.5,4,none,answerable,leaked,0.793621457354781,0.047516198704103674,1.553191489361702,40
qwen3-emb-8b,addressee,5,0.5,4,none,answerable,recall,0.7563180613348305,0.718313725490196,0.8538461538461538,40
qwen3-emb-8b,addressee,5,0.5,4,none,unanswerable,any_hit,0.8007759010852056,0.7758620689655172,0.8401864406779661,40
qwen3-emb-8b,addressee,5,0.5,4,none,unanswerable,authorized,0.08565733093822694,0.004415011037527594,0.2429837164750957,40
qwen3-emb-8b,addressee,5,0.5,4,none,unanswerable,context_size,5.0,5.0,5.0,40
qwen3-emb-8b,addressee,5,0.5,4,none,unanswerable,leaked,3.749648622035341,2.896551724137931,4.688888888888889,40
qwen3-emb-8b,addressee,5,0.5,4,none,unanswerable,recall,0.7107371674100913,0.6751297094508302,0.7600324858757063,40
qwen3-emb-8b,addressee,5,0.5,4,part,all,authorized,1.0,1.0,1.0,40
qwen3-emb-8b,addressee,5,0.5,4,part,all,context_size,5.0,5.0,5.0,40
qwen3-emb-8b,addressee,5,0.5,4,part,all,leaked,0.0,0.0,0.0,40
qwen3-emb-8b,addressee,5,0.5,4,part,all,recall,0.4143658333333334,0.07766666666666666,0.6740791666666666,40
qwen3-emb-8b,addressee,5,0.5,4,part,answerable,any_hit,0.8199378053819576,0.7872340425531915,0.8923076923076924,40
qwen3-emb-8b,addressee,5,0.5,4,part,answerable,authorized,1.0,1.0,1.0,40
qwen3-emb-8b,addressee,5,0.5,4,part,answerable,context_size,5.0,5.0,5.0,40
qwen3-emb-8b,addressee,5,0.5,4,part,answerable,leaked,0.0,0.0,0.0,40
qwen3-emb-8b,addressee,5,0.5,4,part,answerable,recall,0.773641162344537,0.7237188963658417,0.8692307692307693,40
qwen3-emb-8b,addressee,5,0.5,4,part,unanswerable,any_hit,0.05907586745127964,0.006666666666666667,0.1206896551724138,40
qwen3-emb-8b,addressee,5,0.5,4,part,unanswerable,authorized,1.0,1.0,1.0,40
qwen3-emb-8b,addressee,5,0.5,4,part,unanswerable,context_size,5.0,5.0,5.0,40
qwen3-emb-8b,addressee,5,0.5,4,part,unanswerable,leaked,0.0,0.0,0.0,40
qwen3-emb-8b,addressee,5,0.5,4,part,unanswerable,recall,0.02463591694945313,0.002592592592592592,0.05030332056194124,40
qwen3-emb-8b,addressee,5,0.5,4,post,all,authorized,1.0,1.0,1.0,40
qwen3-emb-8b,addressee,5,0.5,4,post,all,context_size,2.8264000000000005,0.638,4.708,40
qwen3-emb-8b,addressee,5,0.5,4,post,all,leaked,0.0,0.0,0.0,40
qwen3-emb-8b,addressee,5,0.5,4,post,all,recall,0.40605333333333327,0.0745,0.6730791666666666,40
qwen3-emb-8b,addressee,5,0.5,4,post,answerable,any_hit,0.802884244183393,0.7869281923969424,0.8769230769230769,40
qwen3-emb-8b,addressee,5,0.5,4,post,answerable,authorized,1.0,1.0,1.0,40
qwen3-emb-8b,addressee,5,0.5,4,post,answerable,context_size,4.2063785426452185,3.4468085106382977,4.952483801295896,40
qwen3-emb-8b,addressee,5,0.5,4,post,answerable,leaked,0.0,0.0,0.0,40
qwen3-emb-8b,addressee,5,0.5,4,post,answerable,recall,0.7563180613348305,0.718313725490196,0.8538461538461538,40
qwen3-emb-8b,addressee,5,0.5,4,post,unanswerable,any_hit,0.054788127749220525,0.0022222222222222222,0.1206896551724138,40
qwen3-emb-8b,addressee,5,0.5,4,post,unanswerable,authorized,1.0,1.0,1.0,40
qwen3-emb-8b,addressee,5,0.5,4,post,unanswerable,context_size,1.250351377964659,0.3111111111111111,2.103448275862069,40
qwen3-emb-8b,addressee,5,0.5,4,post,unanswerable,leaked,0.0,0.0,0.0,40
qwen3-emb-8b,addressee,5,0.5,4,post,unanswerable,recall,0.02232784333531282,0.0007407407407407407,0.05030332056194124,40
qwen3-emb-8b,addressee,5,0.5,4,pre,all,authorized,1.0,1.0,1.0,40
qwen3-emb-8b,addressee,5,0.5,4,pre,all,context_size,5.0,5.0,5.0,40
qwen3-emb-8b,addressee,5,0.5,4,pre,all,leaked,0.0,0.0,0.0,40
qwen3-emb-8b,addressee,5,0.5,4,pre,all,recall,0.4143658333333334,0.07766666666666666,0.6740791666666666,40
qwen3-emb-8b,addressee,5,0.5,4,pre,answerable,any_hit,0.8199378053819576,0.7872340425531915,0.8923076923076924,40
qwen3-emb-8b,addressee,5,0.5,4,pre,answerable,authorized,1.0,1.0,1.0,40
qwen3-emb-8b,addressee,5,0.5,4,pre,answerable,context_size,5.0,5.0,5.0,40
qwen3-emb-8b,addressee,5,0.5,4,pre,answerable,leaked,0.0,0.0,0.0,40
qwen3-emb-8b,addressee,5,0.5,4,pre,answerable,recall,0.773641162344537,0.7237188963658417,0.8692307692307693,40
qwen3-emb-8b,addressee,5,0.5,4,pre,unanswerable,any_hit,0.05907586745127964,0.006666666666666667,0.1206896551724138,40
qwen3-emb-8b,addressee,5,0.5,4,pre,unanswerable,authorized,1.0,1.0,1.0,40
qwen3-emb-8b,addressee,5,0.5,4,pre,unanswerable,context_size,5.0,5.0,5.0,40
qwen3-emb-8b,addressee,5,0.5,4,pre,unanswerable,leaked,0.0,0.0,0.0,40
qwen3-emb-8b,addressee,5,0.5,4,pre,unanswerable,recall,0.02463591694945313,0.002592592592592592,0.05030332056194124,40
qwen3-emb-8b,addressee,5,0.75,5,_policy,all,answerable_rate,0.6720499999999999,0.29215,0.9487999999999999,40
qwen3-emb-8b,addressee,5,0.75,5,_policy,all,authorized_passages,0.6861896710728559,0.2836516292652936,0.9495907623731938,40
qwen3-emb-8b,addressee,5,0.75,5,_q,answerable,n,1.0,1.0,1.0,40
qwen3-emb-8b,addressee,5,0.75,5,_q,unanswerable,n,1.0,1.0,1.0,40
qwen3-emb-8b,addressee,5,0.75,5,none,all,authorized,0.5444,0.15965000000000001,0.9214,40
qwen3-emb-8b,addressee,5,0.75,5,none,all,context_size,5.0,5.0,5.0,40
qwen3-emb-8b,addressee,5,0.75,5,none,all,leaked,1.50515,0.25115000000000004,3.1445999999999987,40
qwen3-emb-8b,addressee,5,0.75,5,none,all,recall,0.7245666666666666,0.7245666666666666,0.7245666666666666,40
qwen3-emb-8b,addressee,5,0.75,5,none,answerable,any_hit,0.8011977196044908,0.7861915367483296,0.8247631241997438,40
qwen3-emb-8b,addressee,5,0.75,5,none,answerable,authorized,0.7101086565712253,0.48558654558932546,0.9723847926267281,40
qwen3-emb-8b,addressee,5,0.75,5,none,answerable,context_size,5.0,5.0,5.0,40
qwen3-emb-8b,addressee,5,0.75,5,none,answerable,leaked,0.5431024335480334,0.03809907834101383,1.0266377872498142,40
qwen3-emb-8b,addressee,5,0.75,5,none,answerable,recall,0.7473637540098392,0.7157386785449147,0.7946895006402048,40
qwen3-emb-8b,addressee,5,0.75,5,none,unanswerable,any_hit,0.7981961603474809,0.71578125,0.882707910750507,40
qwen3-emb-8b,addressee,5,0.75,5,none,unanswerable,authorized,0.1273481870435809,0.019786894140342418,0.3476562499999998,40
qwen3-emb-8b,addressee,5,0.75,5,none,unanswerable,context_size,5.0,5.0,5.0,40
qwen3-emb-8b,addressee,5,0.75,5,none,unanswerable,leaked,3.4775457987339076,2.40609375,4.050641528012217,40
qwen3-emb-8b,addressee,5,0.75,5,none,unanswerable,recall,0.7042801180451652,0.6244140625,0.8026326910074376,40
qwen3-emb-8b,addressee,5,0.75,5,part,all,authorized,1.0,1.0,1.0,40
qwen3-emb-8b,addressee,5,0.75,5,part,all,context_size,5.0,5.0,5.0,40
qwen3-emb-8b,addressee,5,0.75,5,part,all,leaked,0.0,0.0,0.0,40
qwen3-emb-8b,addressee,5,0.75,5,part,all,recall,0.5072808333333333,0.24179583333333335,0.7000166666666665,40
qwen3-emb-8b,addressee,5,0.75,5,part,answerable,any_hit,0.8147130344906923,0.7884187082405345,0.855360452186805,40
qwen3-emb-8b,addressee,5,0.75,5,part,answerable,authorized,1.0,1.0,1.0,40
qwen3-emb-8b,addressee,5,0.75,5,part,answerable,context_size,5.0,5.0,5.0,40
qwen3-emb-8b,addressee,5,0.75,5,part,answerable,leaked,0.0,0.0,0.0,40
qwen3-emb-8b,addressee,5,0.75,5,part,answerable,recall,0.7611206953306663,0.7168522642910171,0.8245870678617158,40
qwen3-emb-8b,addressee,5,0.75,5,part,unanswerable,any_hit,0.07153991638492899,0.033530011655011654,0.15734374999999995,40
qwen3-emb-8b,addressee,5,0.75,5,part,unanswerable,authorized,1.0,1.0,1.0,40
qwen3-emb-8b,addressee,5,0.75,5,part,unanswerable,context_size,5.0,5.0,5.0,40
qwen3-emb-8b,addressee,5,0.75,5,part,unanswerable,leaked,0.0,0.0,0.0,40
qwen3-emb-8b,addressee,5,0.75,5,part,unanswerable,recall,0.030552682093940065,0.016057635175282234,0.06597656249999995,40
qwen3-emb-8b,addressee,5,0.75,5,post,all,authorized,1.0,1.0,1.0,40
qwen3-emb-8b,addressee,5,0.75,5,post,all,context_size,3.4948500000000005,1.8554,4.748849999999999,40
qwen3-emb-8b,addressee,5,0.75,5,post,all,leaked,0.0,0.0,0.0,40
qwen3-emb-8b,addressee,5,0.75,5,post,all,recall,0.5001225,0.23175416666666668,0.6931666666666665,40
qwen3-emb-8b,addressee,5,0.75,5,post,answerable,any_hit,0.8011977196044908,0.7861915367483296,0.8247631241997438,40
qwen3-emb-8b,addressee,5,0.75,5,post,answerable,authorized,1.0,1.0,1.0,40
qwen3-emb-8b,addressee,5,0.75,5,post,answerable,context_size,4.456897566451967,3.9733622127501853,4.9619009216589856,40
qwen3-emb-8b,addressee,5,0.75,5,post,answerable,leaked,0.0,0.0,0.0,40
qwen3-emb-8b,addressee,5,0.75,5,post,answerable,recall,0.7473637540098392,0.7157386785449147,0.7946895006402048,40
qwen3-emb-8b,addressee,5,0.75,5,post,unanswerable,any_hit,0.06692856389750328,0.03058530011655012,0.15734374999999995,40
qwen3-emb-8b,addressee,5,0.75,5,post,unanswerable,authorized,1.0,1.0,1.0,40
qwen3-emb-8b,addressee,5,0.75,5,post,unanswerable,context_size,1.5224542012660922,0.9493584719877824,2.59390625,40
qwen3-emb-8b,addressee,5,0.75,5,post,unanswerable,leaked,0.0,0.0,0.0,40
qwen3-emb-8b,addressee,5,0.75,5,post,unanswerable,recall,0.028009542373533997,0.013421777874902875,0.06597656249999995,40
qwen3-emb-8b,addressee,5,0.75,5,pre,all,authorized,1.0,1.0,1.0,40
qwen3-emb-8b,addressee,5,0.75,5,pre,all,context_size,5.0,5.0,5.0,40
qwen3-emb-8b,addressee,5,0.75,5,pre,all,leaked,0.0,0.0,0.0,40
qwen3-emb-8b,addressee,5,0.75,5,pre,all,recall,0.5072808333333333,0.24179583333333335,0.7000166666666665,40
qwen3-emb-8b,addressee,5,0.75,5,pre,answerable,any_hit,0.8147130344906923,0.7884187082405345,0.855360452186805,40
qwen3-emb-8b,addressee,5,0.75,5,pre,answerable,authorized,1.0,1.0,1.0,40
qwen3-emb-8b,addressee,5,0.75,5,pre,answerable,context_size,5.0,5.0,5.0,40
qwen3-emb-8b,addressee,5,0.75,5,pre,answerable,leaked,0.0,0.0,0.0,40
qwen3-emb-8b,addressee,5,0.75,5,pre,answerable,recall,0.7611206953306663,0.7168522642910171,0.8245870678617158,40
qwen3-emb-8b,addressee,5,0.75,5,pre,unanswerable,any_hit,0.07153991638492899,0.033530011655011654,0.15734374999999995,40
qwen3-emb-8b,addressee,5,0.75,5,pre,unanswerable,authorized,1.0,1.0,1.0,40
qwen3-emb-8b,addressee,5,0.75,5,pre,unanswerable,context_size,5.0,5.0,5.0,40
qwen3-emb-8b,addressee,5,0.75,5,pre,unanswerable,leaked,0.0,0.0,0.0,40
qwen3-emb-8b,addressee,5,0.75,5,pre,unanswerable,recall,0.030552682093940065,0.016057635175282234,0.06597656249999995,40
qwen3-emb-8b,addressee,5,0.9,6,_policy,all,answerable_rate,0.8733999999999998,0.344,0.996,40
qwen3-emb-8b,addressee,5,0.9,6,_policy,all,authorized_passages,0.8867276360282815,0.3441438671995081,0.9932370119889333,40
qwen3-emb-8b,addressee,5,0.9,6,_q,answerable,n,1.0,1.0,1.0,40
qwen3-emb-8b,addressee,5,0.9,6,_q,unanswerable,n,1.0,1.0,1.0,40
qwen3-emb-8b,addressee,5,0.9,6,none,all,authorized,0.80155,0.2,0.988,40
qwen3-emb-8b,addressee,5,0.9,6,none,all,context_size,5.0,5.0,5.0,40
qwen3-emb-8b,addressee,5,0.9,6,none,all,leaked,0.59785,0.026,2.774,40
qwen3-emb-8b,addressee,5,0.9,6,none,all,recall,0.7245666666666666,0.7245666666666666,0.7245666666666666,40
qwen3-emb-8b,addressee,5,0.9,6,none,answerable,any_hit,0.7977883148307587,0.7885835095137421,0.813953488372093,40
qwen3-emb-8b,addressee,5,0.9,6,none,answerable,authorized,0.8721608757954306,0.5232558139534884,0.9939024390243902,40
qwen3-emb-8b,addressee,5,0.9,6,none,answerable,context_size,5.0,5.0,5.0,40
qwen3-emb-8b,addressee,5,0.9,6,none,answerable,leaked,0.23314898227001263,0.006097560975609756,0.872093023255814,40
qwen3-emb-8b,addressee,5,0.9,6,none,answerable,recall,0.7326940442997089,0.7180056377730797,0.7819767441860465,40
qwen3-emb-8b,addressee,5,0.9,6,none,unanswerable,any_hit,0.7116069403058285,0.5,0.9259259259259259,40
qwen3-emb-8b,addressee,5,0.9,6,none,unanswerable,authorized,0.2391960278482875,0.0,0.625,40
qwen3-emb-8b,addressee,5,0.9,6,none,unanswerable,context_size,5.0,5.0,5.0,40
qwen3-emb-8b,addressee,5,0.9,6,none,unanswerable,leaked,3.091785038749709,1.875,4.0,40
qwen3-emb-8b,addressee,5,0.9,6,none,unanswerable,recall,0.6225072975041591,0.5,0.8395061728395061,40
qwen3-emb-8b,addressee,5,0.9,6,part,all,authorized,1.0,1.0,1.0,40
qwen3-emb-8b,addressee,5,0.9,6,part,all,context_size,5.0,5.0,5.0,40
qwen3-emb-8b,addressee,5,0.9,6,part,all,leaked,0.0,0.0,0.0,40
qwen3-emb-8b,addressee,5,0.9,6,part,all,recall,0.6432724999999999,0.2905,0.7235666666666666,40
qwen3-emb-8b,addressee,5,0.9,6,part,answerable,any_hit,0.8031030058925609,0.7906976744186046,0.8430232558139535,40
qwen3-emb-8b,addressee,5,0.9,6,part,answerable,authorized,1.0,1.0,1.0,40
qwen3-emb-8b,addressee,5,0.9,6,part,answerable,context_size,5.0,5.0,5.0,40
qwen3-emb-8b,addressee,5,0.9,6,part,answerable,leaked,0.0,0.0,0.0,40
qwen3-emb-8b,addressee,5,0.9,6,part,answerable,recall,0.7378810763985169,0.719062720225511,0.811046511627907,40
qwen3-emb-8b,addressee,5,0.9,6,part,unanswerable,any_hit,0.11045843603232412,0.0,0.25,40
qwen3-emb-8b,addressee,5,0.9,6,part,unanswerable,authorized,1.0,1.0,1.0,40
qwen3-emb-8b,addressee,5,0.9,6,part,unanswerable,context_size,5.0,5.0,5.0,40
qwen3-emb-8b,addressee,5,0.9,6,part,unanswerable,leaked,0.0,0.0,0.0,40
qwen3-emb-8b,addressee,5,0.9,6,part,unanswerable,recall,0.05119377485724329,0.0,0.125,40
qwen3-emb-8b,addressee,5,0.9,6,post,all,authorized,1.0,1.0,1.0,40
qwen3-emb-8b,addressee,5,0.9,6,post,all,context_size,4.402150000000001,2.226,4.974,40
qwen3-emb-8b,addressee,5,0.9,6,post,all,leaked,0.0,0.0,0.0,40
qwen3-emb-8b,addressee,5,0.9,6,post,all,recall,0.6396641666666666,0.2783333333333334,0.7225666666666666,40
qwen3-emb-8b,addressee,5,0.9,6,post,answerable,any_hit,0.7977883148307587,0.7885835095137421,0.813953488372093,40
qwen3-emb-8b,addressee,5,0.9,6,post,answerable,authorized,1.0,1.0,1.0,40
qwen3-emb-8b,addressee,5,0.9,6,post,answerable,context_size,4.766851017729987,4.127906976744186,4.9939024390243905,40
qwen3-emb-8b,addressee,5,0.9,6,post,answerable,leaked,0.0,0.0,0.0,40
qwen3-emb-8b,addressee,5,0.9,6,post,answerable,recall,0.7326940442997089,0.7180056377730797,0.7819767441860465,40
qwen3-emb-8b,addressee,5,0.9,6,post,unanswerable,any_hit,0.10574179327766128,0.0,0.25,40
qwen3-emb-8b,addressee,5,0.9,6,post,unanswerable,authorized,1.0,1.0,1.0,40
qwen3-emb-8b,addressee,5,0.9,6,post,unanswerable,context_size,1.908214961250291,1.0,3.125,40
qwen3-emb-8b,addressee,5,0.9,6,post,unanswerable,leaked,0.0,0.0,0.0,40
qwen3-emb-8b,addressee,5,0.9,6,post,unanswerable,recall,0.04890270599067227,0.0,0.125,40
qwen3-emb-8b,addressee,5,0.9,6,pre,all,authorized,1.0,1.0,1.0,40
qwen3-emb-8b,addressee,5,0.9,6,pre,all,context_size,5.0,5.0,5.0,40
qwen3-emb-8b,addressee,5,0.9,6,pre,all,leaked,0.0,0.0,0.0,40
qwen3-emb-8b,addressee,5,0.9,6,pre,all,recall,0.6432724999999999,0.2905,0.7235666666666666,40
qwen3-emb-8b,addressee,5,0.9,6,pre,answerable,any_hit,0.8031030058925609,0.7906976744186046,0.8430232558139535,40
qwen3-emb-8b,addressee,5,0.9,6,pre,answerable,authorized,1.0,1.0,1.0,40
qwen3-emb-8b,addressee,5,0.9,6,pre,answerable,context_size,5.0,5.0,5.0,40
qwen3-emb-8b,addressee,5,0.9,6,pre,answerable,leaked,0.0,0.0,0.0,40
qwen3-emb-8b,addressee,5,0.9,6,pre,answerable,recall,0.7378810763985169,0.719062720225511,0.811046511627907,40
qwen3-emb-8b,addressee,5,0.9,6,pre,unanswerable,any_hit,0.11045843603232412,0.0,0.25,40
qwen3-emb-8b,addressee,5,0.9,6,pre,unanswerable,authorized,1.0,1.0,1.0,40
qwen3-emb-8b,addressee,5,0.9,6,pre,unanswerable,context_size,5.0,5.0,5.0,40
qwen3-emb-8b,addressee,5,0.9,6,pre,unanswerable,leaked,0.0,0.0,0.0,40
qwen3-emb-8b,addressee,5,0.9,6,pre,unanswerable,recall,0.05119377485724329,0.0,0.125,40
